X,Y
10.13649,11.23321
10.25206,8.50512
10.93231,8.713418
10.26749,9.291736
10.48811,7.555382
10.5266,9.789702
10.22996,8.192847
9.526502,5.783825
10.49031,7.506592
10.02007,5.783825
10.49317,8.117908
8.461615,6.829794
9.57844,7.265429
10.70517,7.575585
10.18804,7.455298
10.73915,4.867535
9.670019,6.516193
10.05101,6.388561
9.150693,6.371612
10.01967,6.326149
9.767264,8.285261
9.937281,4.762174
9.800908,5.609472
8.925098,7.17012
9.612206,6.856462
9.863017,6.659294
8.513926,5.273
9.416304,6.553934
10.28061,7.585281
10.05103,7.82764
11.01956,7.393263
8.961785,7.811974
10.0005,5.273
10.1788,9.010669
10.60515,
9.876953,6.55108
8.760125,7.064759
10.37393,
10.03274,7.352441
10.12884,6.253829
10.11145,9.404838
9.785716,7.007601
10.20301,4.174387
10.60715,5.988961
10.55016,7.299798
10.20391,8.104704
9.863342,5.700444
9.49134,6.476973
10.20169,8.828347
9.880062,10.04932
9.487888,7.729735
9.562902,6.476973
10.72292,6.476973
11.13499,9.122602
11.38943,6.813445
10.44102,7.52564
10.3635,4.553877
9.965158,7.958577
10.4508,8.379998
10.76446,9.138844
10.10036,8.202482
9.77941,4.867535
10.68605,7.17549
9.82363,8.285261
10.23103,6.120297
10.16296,7.474205
10.88696,9.563459
10.96925,
10.58621,
9.288619,7.41698
9.902513,6.806829
9.620719,5.703783
10.07463,
10.02566,3.663562
10.26736,
9.670933,8.556414
11.14029,5.860786
11.23364,7.958577
9.270723,8.285261
9.880104,
9.424463,
9.555875,5.820083
9.493704,6.507277
9.520084,4.60517
10.01625,4.644391
10.39613,12.36325
10.52127,6.84588
9.882026,.6931472
10.79859,9.11603
8.174432,
10.68692,3.401197
9.966217,
9.900513,8.192571
11.17789,4.70953
9.377967,4.762174
10.12746,
10.41964,7.21891
9.906592,
10.17319,6.018593
10.19065,5.700444
10.23852,7.352441
9.191465,4.867535
10.95495,8.086411
10.46113,6.572282
9.096476,7.21891
9.592575,8.045588
9.655531,8.556414
10.05827,5.337538
10.11488,7.575585
10.53356,9.569622
10.85748,8.294049
9.420082,
10.96626,5.703783
10.76389,
9.8265,8.170752
10.28096,7.265429
10.36647,7.007601
9.851154,4.919981
10.77416,7.928766
10.08527,7.17012
9.340963,3.258096
9.396284,8.34284
10.88166,
10.07702,7.030858
9.695097,3.688879
10.10334,5.480639
9.26652,4.762174
11.58789,4.820282
10.48151,4.276666
9.255521,
9.107155,3.663562
10.01213,9.380083
9.411354,
10.69483,5.459586
10.78638,7.374002
9.101707,8.086411
9.714648,
9.450661,5.129899
10.62474,6.966024
8.512614,6.727432
9.741948,5.204007
11.3081,10.63706
11.12546,5.170484
10.58163,3.688879
9.776107,5.659482
9.89735,5.587249
9.226424,4.644391
10.53063,7.086738
8.255619,5.509388
11.12123,
11.39671,7.352441
10.96102,8.129765
9.155262,7.87093
9.101043,6.572282
11.19345,
9.601301,
10.16326,7.146772
10.44917,6.278522
9.053176,
9.332512,4.174387
9.35413,6.120297
9.937752,8.37908
9.185084,
9.812103,7.897668
9.024903,4.174387
9.857603,3.258096
10.27054,7.732369
8.963704,8.307953
9.945903,6.049734
9.147052,8.173293
10.22248,4.356709
10.09041,8.003029
10.51935,7.506592
9.000914,5.897154
9.966584,9.558883
9.386169,6.841616
11.07431,
8.899133,5.860786
10.05853,
10.23494,7.189922
9.908177,6.921658
9.054676,6.675823
10.59967,
8.108747,4.356709
9.494624,7.233455
8.930502,6.120297
8.367796,5.560682
9.714996,6.476973
9.535748,8.23483
10.76982,6.390241
9.563849,9.192177
10.49625,6.543912
9.710143,
10.81269,7.244227
10.15017,7.828038
11.41007,10.76215
10.55321,6.349139
9.332017,
11.06855,5.966147
9.748851,6.659294
10.39885,8.064636
10.66817,6.813445
9.536281,7.17012
11.45139,7.575585
10.83892,9.350102
10.48496,8.087948
9.746814,6.476973
11.2093,8.144679
9.913162,8.268732
10.30391,8.800716
9.027477,5.560682
10.27306,7.01661
10.51107,3.401197
9.57174,5.783825
10.31119,8.026497
10.55866,5.247024
10.70302,6.824374
11.33872,8.633375
9.875272,
10.59038,7.876638
10.10402,10.50232
9.702864,8.737132
10.01061,5.700444
10.66506,9.261984
9.691852,6.733402
11.05357,
10.49037,9.50301
10.83654,5.560682
9.342093,5.783825
10.5856,9.057189
10.73953,9.655026
9.048426,
9.76881,9.134431
10.39512,4.867535
10.70406,
9.811681,3.258096
10.20809,8.213923
10.57659,8.422882
9.423822,5.966147
11.37382,8.462103
11.12855,6.572282
10.50561,7.409136
11.13393,7.286192
10.1709,5.560682
10.29823,8.468213
10.52833,8.922658
9.308287,4.762174
9.159477,7.828038
10.40084,
10.46944,
10.19795,6.030685
10.0602,
11.09154,9.655026
10.65511,
9.142282,
9.419307,
9.701476,6.907755
8.913054,4.867535
9.315919,6.946976
8.813009,5.298317
9.785237,7.791523
10.10839,7.470224
10.76089,
10.65935,5.966147
11.07976,6.511745
9.564347,5.966147
10.18856,4.867535
9.837803,5.560682
10.54663,8.467583
9.160284,6.253829
11.33284,7.790696
10.48378,
11.12194,10.41148
11.16405,7.909857
10.21198,9.339173
10.52521,6.476973
9.645153,
10.34637,7.04316
10.08474,6.708084
9.802962,4.356709
9.884301,8.620832
9.47582,5.783825
9.439076,5.966147
11.62312,5.337538
9.620477,7.352441
10.38993,9.341456
10.33027,8.086411
9.87848,3.258096
10.42189,5.966147
9.992698,
10.81499,8.004366
10.13142,6.739336
8.858,
10.33004,7.853605
9.824563,4.962845
11.04558,
11.02894,6.253829
10.56383,8.623174
10.04445,9.790318
10.72935,
10.3026,5.509388
9.878651,4.510859
10.93715,8.617039
10.4853,6.476973
10.31884,8.280965
10.75062,6.393591
11.53758,8.8663
10.48134,7.265429
11.75362,8.628735
9.953105,
10.3778,10.02371
10.79503,6.625392
10.43961,6.813445
10.09939,10.42783
8.769002,6.659294
10.63703,8.990067
11.38292,6.061457
11.07295,8.961879
10.18511,6.421622
9.841249,7.183112
10.45938,6.202536
10.08146,6.476973
10.60125,4.787492
10.9884,7.730175
11.63828,8.019613
10.64678,6.813445
9.891153,4.736198
10.38983,8.789508
9.851466,
10.24242,3.951244
10.32746,8.042378
10.49559,7.637716
10.00632,7.520776
10.23961,7.497762
10.21897,5.966147
10.53347,
9.732841,
9.88701,6.253829
9.231526,4.962845
9.645434,6.761573
10.51324,6.802395
9.908402,5.560682
10.42231,9.529158
9.812892,3.258096
10.31845,5.560682
10.34077,4.007333
10.14299,
10.00574,7.134891
11.16918,6.030685
10.595,7.17012
10.75326,8.317522
9.854802,
9.869538,
10.79621,9.633318
10.00756,
10.22153,4.867535
9.246218,7.700748
9.772877,8.120886
10.43195,5.560682
10.01717,7.292337
9.570784,8.795885
10.17026,7.334982
10.21882,10.74311
10.03811,7.229839
11.17409,5.768321
9.489439,
10.34353,7.546446
10.75435,5.590987
10.20689,7.944847
9.877794,7.985484
9.963228,8.538759
10.78121,8.60886
9.335376,5.049856
10.87917,6.659294
9.780025,
11.42835,7.527256
10.97073,8.43988
9.851851,6.579251
11.11577,7.912057
11.19962,3.912023
11.07703,
9.686399,5.273
11.50387,7.803843
10.7423,9.735069
10.71698,4.867535
11.38203,10.03513
10.44143,9.199785
10.4822,4.60517
10.82629,7.770645
10.40729,7.573531
9.678455,6.608001
10.73291,8.381831
10.0976,6.747587
9.512671,7.17012
10.50638,7.106606
10.53685,5.455321
10.97001,8.991438
9.575522,
10.01202,5.560682
10.56847,3.951244
10.69211,
9.948813,
10.7101,8.909235
9.483824,7.575585
10.07668,
10.44321,6.393591
10.36204,7.768956
10.19987,9.11603
10.95934,
10.1615,7.189922
10.93826,7.276556
10.33561,6.721426
10.25431,4.248495
9.409116,6.214608
10.41381,6.661855
10.80236,7.640123
10.36671,5.966147
9.941041,5.204007
10.0124,5.823046
10.85597,7.818028
10.83801,7.620215
10.99323,7.393263
10.07897,5.981414
10.86989,8.674197
10.91882,6.813445
11.59594,
9.795693,7.935587
10.7096,4.510859
10.85877,8.37908
10.23945,5.783825
9.105931,4.867535
10.87921,7.907284
10.56417,
10.37274,6.908755
11.36739,7.621195
9.943318,4.644391
10.15712,5.783825
10.53311,5.560682
10.41681,6.659294
10.76057,
10.17324,4.174387
10.4768,4.174387
11.28887,9.631679
10.20455,
10.42844,
10.88827,5.560682
10.67349,7.627544
9.635473,8.934323
10.34263,7.889459
10.46321,5.455321
10.37322,8.174421
9.820215,7.17012
10.21458,7.17012
10.34784,7.863267
9.874942,5.560682
10.58057,8.779557
10.83936,
10.88085,6.784457
10.14986,8.23483
10.37132,7.17012
10.587,5.966147
10.04835,
9.910023,
10.56215,5.273
9.905867,8.556414
8.908631,
10.33226,6.253829
9.970492,
9.566404,6.659294
9.215596,4.174387
10.06806,6.659294
10.7725,7.640123
9.746675,7.064759
9.414799,
8.686795,8.33327
11.12649,6.813445
8.383971,
10.47303,10.08789
10.08389,7.130899
10.81329,
9.361064,6.659294
10.29594,6.371612
10.85746,6.659294
9.776464,
10.57103,6.109248
10.21358,5.783825
9.922768,
10.1903,9.328835
10.5742,9.611128
8.881036,5.273
10.00619,
10.65897,
10.45291,7.265429
10.77866,
10.45987,
10.0362,
9.199609,6.165418
10.53549,6.415097
10.88248,8.853665
11.13883,6.272877
10.65711,5.455321
10.11916,7.640123
10.47892,6.253829
9.466738,8.628735
10.70537,7.189922
9.810944,7.575585
9.866669,4.787492
10.45017,9.550236
9.836638,7.762596
10.34012,
9.596128,
9.563168,7.21891
9.870529,5.049856
11.18195,8.086411
10.34338,6.572282
10.48441,5.560682
10.08129,8.103797
10.06742,7.470224
9.818131,8.364042
10.35947,6.572282
9.84905,5.560682
10.05457,6.476973
9.969763,6.841616
10.46137,
10.01252,6.120297
8.535355,3.218876
10.54499,
10.05134,8.045588
10.1089,5.560682
9.838625,8.133294
10.23349,
10.22963,8.674197
11.25763,7.863267
10.74406,5.337538
9.757399,7.31854
12.20242,8.451054
11.2327,8.268732
8.901642,6.476973
10.0834,4.962845
10.12282,
10.56104,5.273
11.03673,5.966147
9.579837,
9.676934,
10.8101,
10.74851,
10.03623,5.655992
9.778013,
10.65791,8.451054
10.29994,
9.408887,7.17012
9.426225,
10.37053,
10.02056,6.371612
10.48154,7.863267
9.88521,
9.455168,5.560682
10.36997,
10.44078,6.120297
9.947495,
9.334837,
10.64083,9.024011
10.68482,
10.71114,6.659294
10.04693,7.935945
10.10638,9.137232
9.779281,7.244227
9.294115,4.867535
9.961233,8.639411
10.8498,10.09535
10.67143,
10.18945,4.644391
10.01724,
9.98525,7.688913
10.24826,7.432484
9.614328,4.174387
9.460009,7.506592
9.594243,
10.0774,5.609472
9.574223,8.579228
10.79099,
10.84783,5.966147
9.712111,6.813445
10.70727,8.024535
10.27249,8.451054
10.60425,7.17012
10.49572,6.784457
9.793629,
8.534549,5.560682
10.1579,
8.320069,6.813445
9.972211,7.352441
9.875466,8.028781
9.807088,6.393591
9.662415,6.415097
10.57496,6.975414
9.187328,5.897154
9.959885,8.249313
10.81419,8.971703
10.77375,9.467073
10.26276,7.153052
9.915434,6.945051
9.857378,5.560682
10.05797,6.120297
9.769397,3.806663
9.866274,4.317488
9.353114,
9.621947,6.723833
9.852392,6.818924
9.924004,5.02388
9.695469,7.729735
10.21454,6.214608
10.3242,3.295837
10.52796,8.163371
10.93358,7.707512
9.903176,6.120297
9.203726,
10.69419,
9.875182,7.007601
9.682255,7.062191
9.905326,8.202209
9.790151,
9.524572,4.094345
8.999898,6.709304
9.295411,2.995732
9.666791,7.575585
10.18683,6.992096
9.856055,6.327937
9.155185,5.105946
8.93331,6.476973
9.269688,6.148468
9.632401,6.222576
8.17261,
9.072068,7.160069
9.945076,
9.683457,4.867535
9.837683,
9.370488,6.214608
9.545619,
8.722549,4.356709
9.196833,6.562444
9.41946,6.363028
8.83066,7.687539
9.595177,
9.397069,4.718499
9.531659,5.513429
9.200765,6.349139
8.307581,
9.611593,2.995732
8.665728,6.308098
8.631738,6.228511
7.685596,5.049856
9.089364,5.159055
9.257001,7.664816
9.653083,6.57368
9.850188,
9.505185,5.673323
9.321352,7.026427
8.929218,7.327123
9.462066,7.908755
9.541611,5.743003
8.854055,5.337538
8.860453,5.455321
9.023911,8.112827
10.03194,7.247793
9.690642,2.995732
9.298806,7.042286
8.875048,5.257495
9.267881,4.795791
9.283211,7.254178
9.339421,5.703783
10.13064,5.680172
9.871997,7.276556
9.658628,5.991465
9.882574,6.572282
9.098705,5.429346
9.290185,4.369448
9.224622,7.508787
9.753675,6.120297
9.705374,6.579251
8.44949,5.537334
9.816171,8.556414
9.182924,9.024131
11.16792,8.779557
9.78211,7.86902
9.38096,7.878534
10.47712,
9.727989,2.70805
9.61764,
9.505502,5.455321
10.40022,6.659294
10.17052,4.976734
9.640362,7.352441
11.10181,7.863267
9.798531,7.697121
10.13727,4.204693
10.38438,4.905275
9.136895,
10.55831,9.46537
10.74936,5.298317
9.896222,4.990433
9.728534,8.037543
9.649066,6.371612
9.90645,4.174387
9.834714,6.349139
9.688501,4.174387
9.489859,4.356709
9.871042,5.560682
9.815519,4.234107
9.850035,7.86902
9.4918,7.863267
9.615335,4.905275
9.691278,7.732808
10.36442,6.068426
9.890578,5.752573
9.725345,4.59512
10.16383,7.87093
9.853445,7.037906
9.656912,5.897154
9.433205,5.501258
9.593248,7.858254
10.18664,6.120297
10.86099,5.872118
9.515656,6.016157
9.859829,5.948035
9.583727,5.556828
9.566596,5.47227
9.760942,5.648974
9.69907,5.273
9.518209,5.036952
9.604779,6.576469
9.987503,10.43922
10.46013,7.966934
10.30902,9.03884
9.948025,6.784457
10.22894,3.178054
9.640996,7.301148
9.708399,5.783825
9.635756,5.948035
9.709913,6.212606
9.660854,5.817111
10.01602,4.382027
9.584968,5.805135
9.697344,7.897668
9.075063,7.877018
10.61348,4.60517
9.305885,6.39693
9.379515,8.008033
9.902486,2.70805
9.863488,6.336826
8.909816,5.662961
10.13137,5.521461
9.480688,5.828946
9.598424,5.799093
10.10761,3.401197
10.02396,2.70805
8.404512,6.835185
8.571382,
9.037749,7.832808
9.713388,8.295049
9.140034,5.872118
9.520427,6.50279
10.36894,3.401197
9.173644,4.867535
9.842497,5.991465
10.3893,
9.593085,4.025352
10.05614,
8.279491,4.174387
9.905163,2.70805
9.484969,2.70805
11.43893,3.806663
9.783023,
9.515117,5.700444
8.740965,8.086411
9.293135,7.086738
9.367788,1.94591
9.392125,4.644391
8.758314,6.946976
8.980886,3.258096
9.415389,6.253829
9.196615,5.509388
9.478662,7.865955
9.422582,6.107023
9.751862,7.931285
8.95891,4.174387
9.4139,
8.946084,6.516193
9.35826,5.823046
9.807106,7.865955
8.949536,6.946976
7.93831,4.025352
9.356939,7.070724
9.019042,7.976595
8.963325,6.476973
9.317847,
8.3021,6.682108
8.489087,
9.813595,
9.039938,6.2672
9.748971,4.682131
7.855878,
8.882621,6.617403
9.316092,6.511745
9.286636,6.754604
9.238444,
9.599597,6.961296
9.432205,4.430817
9.761241,3.044523
9.78807,4.248495
9.065829,
9.71973,
8.479228,5.181784
9.697331,7.608871
11.00327,
10.27039,4.927254
9.869568,
9.758771,4.174387
9.967915,3.951244
10.07259,
9.259442,
9.988952,2.302585
9.963367,
9.627346,6.291569
10.00429,4.60517
10.27156,3.178054
10.4357,8.80162
9.987581,8.639587
10.20364,7.510978
11.00743,5.375278
9.127744,4.356709
9.74327,5.966147
9.927027,6.253829
9.317881,4.969813
9.423688,5.852202
10.83534,4.691348
9.727802,4.875197
9.316522,
10.05824,5.886104
8.718007,4.644391
9.214331,5.891644
10.11236,7.976595
9.326632,8.849944
9.48337,7.863267
10.14904,4.718499
9.955664,7.407924
10.16117,3.912023
10.09462,8.275886
9.753808,0
9.254717,3.433987
9.641971,6.391917
9.919457,5.966147
10.24366,7.725771
9.052298,6.253829
9.174251,6.349139
9.743968,5.736572
9.608295,4.867535
7.956852,4.510859
9.889539,6.756932
8.858332,4.867535
9.91253,5.505332
8.881828,7.279319
7.923767,5.560682
9.863352,
9.5366,4.89784
9.653712,6.257668
7.445142,3.258096
9.121347,6.253829
9.706544,6.609349
9.409451,6.682108
9.715757,3.988984
9.383793,6.946976
9.552537,6.476973
9.444042,6.824374
8.743422,
9.782042,6.320768
10.15606,9.925543
9.007638,7.292337
9.215732,6.813445
9.974794,3.583519
9.651144,6.431331
9.475104,7.593878
9.022499,
9.458762,7.20934
9.754243,6.659294
10.01644,5.111988
9.865977,3.583519
8.992104,7.516433
10.37179,4.70048
9.159144,7.640123
10.00487,5.560682
9.834107,7.26333
8.782459,4.867535
10.39452,2.890372
9.476893,6.011267
9.628215,6.642487
11.48715,6.476973
9.914068,2.890372
10.67079,6.120297
9.97232,3.663562
9.161024,
9.605653,6.946976
9.81613,
10.08612,2.70805
10.30377,5.429346
10.8033,.6931472
9.102178,5.783825
10.49389,
10.68723,5.361292
10.36444,6.429719
10.50805,
9.937802,
9.686687,
10.69863,2.995732
9.709739,2.70805
10.60473,5.493062
10.24577,5.225747
10.44588,3.912023
10.15527,8.076826
9.322322,5.966147
10.14532,3.555348
10.06682,5.786897
10.15184,
10.04229,7.20786
10.30475,3.806663
9.793009,3.401197
9.266087,5.783825
10.12273,3.688879
9.984873,4.143135
9.697165,
10.09537,4.867535
8.837861,6.253829
9.896589,6.214608
9.788256,5.111988
11.08988,
10.15578,7.863267
10.34117,7.935587
9.385092,5.966147
9.52945,6.253829
9.885133,7.114769
10.20008,6.959399
9.078156,6.253829
9.690808,4.65396
9.028595,4.867535
10.28128,6.030685
9.916316,5.433722
10.05696,7.848153
10.52144,8.086411
9.406651,6.120297
9.808061,8.113726
10.29526,2.302585
9.586283,7.17012
10.25198,9.681906
9.971278,7.306531
9.437546,5.655992
10.1506,9.21134
7.117479,5.560682
10.35462,7.432484
10.02496,5.049856
9.75308,7.958577
10.00809,5.273
10.93346,
10.07208,5.204007
9.442069,8.111629
10.55655,4.941642
10.44177,
11.19825,
10.8116,8.160519
10.1139,6.946976
10.18826,7.064759
9.456022,4.60517
10.35439,7.835184
10.14365,
10.06132,
10.3184,7.118826
9.996422,6.131227
9.928844,5.402678
10.10242,5.834811
9.948344,7.664816
9.505644,8.773385
10.43655,7.392648
9.924129,6.584791
10.03988,7.757906
10.74244,8.961879
9.436412,7.173958
9.381097,8.035279
9.373208,4.574711
10.07626,5.273
9.214757,5.932245
10.31051,8.451054
10.14086,5.398163
9.317806,6.668228
10.78289,6.371612
11.41822,5.966147
10.74408,
10.09295,
9.940211,
9.904792,
10.37428,7.614805
10.76266,
10.69871,9.249561
10.51099,6.224558
10.27139,.6931472
10.66661,7.377759
11.65898,6.253829
10.4398,6.350886
10.71019,8.572628
10.11681,5.703783
10.35108,7.432484
10.04139,
10.21918,
10.56064,6.424869
11.40126,8.006368
10.4207,7.679251
10.88214,7.17012
11.51045,5.560682
9.649087,
10.43213,7.370231
10.14821,6.977282
10.80668,6.476973
10.38169,
10.17883,7.17012
10.2916,
9.739215,6.754604
10.35567,
9.400967,6.280396
10.44643,
10.43199,7.912057
9.574518,6.476973
10.364,6.934397
10.8271,6.675823
10.46998,8.305978
10.25671,6.55108
9.272425,6.371612
9.915503,8.178078
9.247818,5.273
10.292,7.432484
9.963718,5.568345
9.892748,7.478735
10.46049,8.79936
10.02197,5.560682
10.49012,8.220134
9.226546,4.718499
9.311327,4.356709
9.798925,8.37839
9.760538,7.921535
9.217598,9.048292
8.961417,4.025352
9.242967,5.273
10.28198,6.148468
9.466341,6.302619
10.65295,7.506592
10.27227,9.772524
9.540474,3.951244
9.66258,
9.037912,5.686975
9.370975,5.337538
9.759566,2.70805
9.811899,6.895683
10.14062,5.752573
10.08515,4.867535
9.512606,6.131227
10.21842,5.049856
10.04516,6.447306
10.08588,2.70805
10.40307,6.298949
10.75378,5.560682
9.861491,5.337538
10.66679,2.70805
9.728833,8.248529
10.73349,7.608375
10.66488,
9.331562,6.434546
9.706294,7.352441
10.90488,8.692825
10.19285,8.834045
9.819446,7.31854
10.66312,
10.14211,6.975414
10.25337,10.01525
10.7366,
8.815708,6.586172
9.773657,5.393628
10.45773,
10.27461,
9.168706,
9.133519,3.663562
10.08643,
8.927072,6.253829
9.764824,
10.27271,5.560682
11.66918,11.2151
9.9747,6.813445
10.50295,6.476973
9.765463,6.253829
10.00108,5.655992
9.883321,8.125631
9.764537,
10.26325,7.994295
10.71386,4.174387
10.00486,8.448272
10.03101,8.364042
10.41304,4.867535
10.13481,4.787492
10.1729,8.040125
9.644539,6.921658
9.820026,5.398163
10.63868,
9.284269,5.743003
10.01533,9.316051
9.866098,
10.01724,5.049856
10.42087,11.17687
9.558063,7.019297
8.760951,6.371612
8.929576,4.867535
10.37194,5.703783
9.548879,5.278115
9.493494,2.70805
9.498837,6.421622
9.792286,
8.738326,4.779123
9.154944,2.70805
9.368163,6.120297
9.938608,
8.766225,8.444622
9.77634,4.043051
9.492887,4.867535
9.410245,2.70805
9.826165,
8.561025,5.560682
10.18206,
9.312267,4.060443
8.234314,
9.244991,6.200509
9.564668,5.560682
9.048754,3.688879
9.368464,2.70805
9.863155,7.058758
9.778766,6.163315
9.895962,4.007333
9.532587,3.850147
9.807686,5.828946
9.412557,2.70805
9.433167,3.637586
8.938076,7.583248
9.113705,9.656307
9.379625,2.995732
9.963589,5.46806
9.761702,
9.304268,7.455877
8.90465,5.966147
9.348309,2.70805
9.400961,7.59589
9.185329,5.010635
9.500566,3.688879
8.87591,2.995732
9.113083,
8.312021,2.995732
9.583722,6.835185
9.310203,7.197435
8.700473,4.859812
9.62368,3.688879
9.486187,6.327937
9.00908,2.70805
9.423712,4.094345
9.403765,5.828946
9.387808,3.555348
9.152064,5.105946
9.080624,3.688879
9.504431,8.617039
9.469919,
8.669457,6.291569
10.22467,9.258178
9.508986,
9.422712,4.60517
8.618529,3.688879
9.671367,8.02617
8.991121,6.270988
9.01781,4.644391
9.506887,7.652546
9.111067,6.142037
9.322571,7.757906
9.085756,7.256297
8.891484,5.192957
9.411117,5.897154
9.261298,5.560682
9.511765,4.867535
8.890757,8.345693
7.974836,4.867535
9.005492,7.377759
8.945762,7.17012
9.178932,7.335634
9.559547,6.107023
9.24044,6.003887
8.831103,6.869014
8.966027,7.047517
9.501253,6.946976
9.041158,
8.621279,
9.331514,7.052721
9.687307,7.189922
9.516601,3.663562
9.398698,5.634789
9.26711,
9.109134,4.867535
8.875839,
9.164142,
8.995825,5.966147
9.711136,4.867535
9.653575,5.556828
8.361367,5.049856
8.785995,6.061457
9.591546,7.70391
9.065364,
9.816299,5.666427
8.831013,6.371612
9.272102,6.709304
8.879625,5.123964
9.3564,7.897296
8.411434,
9.254569,6.625392
9.405307,7.750615
10.09915,5.662961
9.586931,5.966147
8.797472,4.174387
9.623949,5.416101
9.482573,2.995732
9.657945,4.787492
9.702544,
10.08642,3.663562
9.495832,5.783825
8.909661,5.560682
9.270667,6.882438
9.259124,5.932245
8.491736,4.356709
8.747119,5.655992
9.364188,6.061457
9.371087,5.897154
10.37958,5.455321
10.40226,6.572282
9.671227,6.476973
8.939823,4.174387
8.86977,8.117014
8.690341,5.560682
8.810634,4.317488
8.603569,4.356709
8.292627,6.516193
8.953819,7.640123
8.688892,5.860786
9.254655,7.999679
9.12213,6.841616
9.020148,7.199678
9.340832,5.049856
8.992778,7.204893
9.723692,7.309882
9.316451,6.882438
9.644903,6.391917
10.29953,7.731931
10.05648,7.867105
9.342707,8.007367
8.309875,7.007601
9.544581,2.995732
8.999432,8.408494
9.616077,5.241747
9.06638,2.484907
9.308311,6.826545
9.094357,4.644391
9.794757,7.309882
10.19917,6.813445
10.04609,6.163315
10.3556,8.651025
9.273577,4.343805
9.574396,5.820083
9.142955,5.652489
10.08948,5.379897
9.772956,10.0332
9.76092,4.779123
10.01532,5.389072
9.602511,8.257904
9.401775,3.258096
9.534775,5.69036
9.092974,4.49981
9.875574,5.783825
8.731576,
9.845716,7.270313
9.902907,7.567863
9.312947,5.560682
9.858098,
9.419877,9.607437
9.474236,7.21524
8.965137,5.991465
9.39398,6.672033
8.206223,
8.778729,2.302585
8.483645,8.929303
9.353923,4.867535
9.480205,5.645447
9.554567,3.583519
8.715759,8.027802
9.73739,3.401197
8.280389,8.393895
9.38172,4.644391
9.128002,7.17012
9.426072,5.733341
8.775251,
9.44558,8.194229
9.566588,
9.062313,4.762174
9.551852,5.783825
9.760188,5.480639
10.15866,7.155396
8.279832,5.560682
8.88064,
8.818788,5.598422
9.647677,7.17012
9.657817,7.098376
8.978626,4.174387
9.527841,5.991465
9.191195,5.966147
10.04622,4.110874
10.02101,5.855072
10.64156,7.467371
10.19461,7.765145
9.536816,6.586172
9.159007,6.476973
9.371549,5.129899
9.617735,7.534763
11.73528,9.060679
9.86117,3.044523
8.921713,
9.851079,7.517521
9.43224,6.163315
9.472873,5.288267
9.929212,
9.57952,7.069024
9.20923,2.484907
9.640803,7.506592
9.477772,3.555348
9.579993,5.010635
9.428668,5.480639
10.17426,4.174387
8.318934,4.60517
8.961982,
9.475649,6.476973
8.079539,
9.582181,4.060443
9.324342,7.757906
9.369991,4.60517
9.020291,7.770645
8.933674,5.075174
7.680183,5.273
9.838321,6.315358
9.839007,6.84588
10.20951,4.867535
10.45345,
9.200343,4.70048
9.342532,
10.74922,5.298317
10.29023,6.356108
9.751554,5.634789
10.14081,3.401197
9.348959,2.302585
9.189991,5.075174
9.892289,5.298317
9.60139,5.720312
8.77329,5.609472
9.24404,5.31812
9.160096,5.560682
10.21229,4.941642
9.030072,3.912023
9.911003,5.129899
10.58277,5.872118
10.82214,
9.852648,
10.39145,
10.39567,
9.554972,4.442651
9.139594,
10.12667,3.806663
10.8296,4.976734
8.831312,5.966147
9.136753,4.510859
9.569991,
9.038387,5.560682
9.185336,5.273
9.554936,6.476973
10.4862,3.912023
9.687186,3.218876
10.36815,6.39693
9.182739,
9.64692,3.688879
9.595571,4.867535
8.400415,5.966147
10.34443,
8.944592,
9.758772,5.075174
9.616686,2.995732
9.412872,
10.05054,
10.32525,5.32301
8.71745,7.309882
8.442672,6.120297
8.958688,6.708084
8.892459,7.064759
9.464483,5.991465
9.548881,
9.208453,6.577861
9.795248,4.356709
9.444795,7.65681
9.803558,
9.85751,5.26269
9.836612,7.791523
9.041352,5.891644
9.912526,8.698347
9.537303,8.8578
11.48922,6.253829
9.845667,7.887959
10.54271,4.49981
10.10111,
10.29295,
10.27127,7.878534
9.59008,7.811974
9.501568,6.459905
9.352095,6.599871
9.546434,5.337538
9.510272,5.913503
9.725907,7.204149
10.4722,8.656955
9.691517,6.565265
9.423069,7.700748
9.248234,5.273
9.758831,4.174387
11.01873,9.56381
9.606561,6.476973
9.278426,6.456769
9.098787,7.265429
10.16985,6.794587
9.873814,7.610853
10.21326,7.432484
9.988323,4.70048
10.36385,6.813445
9.643466,7.912057
8.377449,5.273
8.697627,4.356709
9.728542,
10.40486,8.809116
10.38537,8.024535
9.890672,5.521461
9.255357,
9.695906,5.273
9.633162,
10.41294,
8.239369,
10.51887,6.486161
9.763312,7.640123
9.560709,9.493261
10.4117,6.869014
10.23851,
9.727014,8.618304
9.53381,6.476973
9.221764,8.364042
9.848654,8.696176
10.05601,8.841159
9.147441,9.272845
8.931554,6.371612
10.11957,8.062118
10.45751,5.783825
9.477257,7.640123
11.28488,9.493487
9.648958,7.36074
10.4498,9.182249
9.547504,5.743003
9.765784,6.291569
8.573884,5.560682
9.850056,3.663562
8.873144,5.783825
9.044395,5.609472
8.665759,8.364042
10.68571,6.995766
9.306858,5.860786
10.04015,5.897154
9.77151,7.858254
9.023231,7.432484
10.29025,4.356709
8.796554,5.783825
9.580023,7.729735
9.412189,7.31854
9.358339,7.265429
8.725262,6.175867
9.204157,7.694848
9.505856,9.002701
10.38471,7.256297
8.726249,6.659294
10.40545,4.60517
8.889979,
9.950199,10.19552
9.800093,10.03649
9.554473,6.708084
10.11539,3.912023
10.22635,7.38709
9.241633,6.456769
10.43289,9.461643
10.65323,6.736967
10.69684,8.783396
10.68392,5.043425
9.298934,5.560682
9.970188,6.476973
10.08832,6.625392
9.611776,7.455877
9.513148,6.907755
9.176733,
10.42105,
8.197884,5.560682
9.834392,8.575462
9.137883,7.352441
9.933277,2.70805
9.91844,3.401197
10.02114,8.407378
9.98323,6.566672
9.379828,7.097549
9.484664,5.298317
8.654158,
9.112861,8.011686
8.488415,7.892826
9.839906,7.670895
9.423864,9.117128
8.349912,6.579251
9.851711,6.329721
9.804921,
8.894099,7.488294
9.24369,7.506592
9.369678,8.598589
9.103091,3.951244
10.36161,7.234177
8.800544,4.158883
10.34964,4.94876
10.17493,5.517453
9.753717,6.60665
9.909348,6.082219
9.449667,4.70953
9.057563,
10.42623,6.214608
9.11475,6.476973
9.610416,5.966147
9.575309,6.429719
9.573446,
9.554548,4.976734
9.78247,
9.930593,
9.341578,
10.28363,
9.495734,6.895683
9.848398,7.003066
9.945149,5.273
9.228253,5.966147
9.297231,
9.669683,
9.368953,5.517453
9.443754,5.459586
10.89628,
10.30349,
8.679369,7.644919
9.289844,6.383507
10.04689,
8.443022,5.273
10.24203,5.480639
10.89408,9.905735
10.37946,2.70805
9.680439,7.128496
9.797044,
9.547313,
7.89539,4.26268
9.616747,6.180017
9.968542,3.806663
10.48299,7.880426
9.315608,7.66669
10.00767,
8.923146,
8.803601,
9.293842,2.70805
8.991006,2.70805
8.980545,5.843544
9.679041,3.806663
8.501465,6.393591
8.548929,
8.802408,
9.066366,2.70805
9.22056,
9.803174,7.142828
9.590769,
9.052997,7.36518
8.8803,5.337538
10.23853,2.70805
9.926569,2.70805
8.402762,4.867535
9.152205,5.105946
10.52012,
9.32645,
9.857595,7.234177
8.695452,5.347107
8.467999,5.560682
9.164867,
9.155502,6.206576
9.636615,6.920671
9.571807,7.994295
10.15125,3.688879
9.225234,4.867535
9.337438,2.995732
9.675736,5.950643
9.286874,2.302585
9.824794,2.302585
10.074,9.522739
9.379166,6.405229
8.479304,3.688879
9.627269,3.688879
9.337954,3.912023
9.360664,7.968319
9.739779,4.442651
9.433705,8.34759
8.91192,6.291569
9.442009,6.306275
9.325423,7.38709
10.01785,9.298168
10.28128,7.59589
10.09022,3.688879
9.724074,6.272877
9.505935,3.218876
9.381995,
9.895063,5.886104
9.699732,5.556828
9.492922,
9.635905,4.859812
10.08639,6.228511
10.00512,8.445482
8.817822,6.073044
9.04419,6.882438
9.676536,6.946976
8.788464,6.042633
9.60898,7.495542
9.119753,8.277666
10.03092,6.659294
9.135023,5.455321
9.263309,9.991956
9.230005,6.784457
9.029847,6.476973
9.9915,6.659294
9.006852,4.356709
8.63654,6.929517
9.173951,6.276643
10.18602,5.273
10.04991,8.807173
10.59591,
11.15487,7.135687
9.752643,8.229511
9.347019,6.98379
10.29395,
10.22744,6.175867
9.457165,6.590301
11.10517,6.572282
10.16399,6.120297
10.51191,8.024535
10.01213,5.442418
10.48227,6.476973
9.849255,5.783825
9.903894,6.625392
9.693512,5.609472
9.382811,5.743003
9.712428,4.317488
10.34659,3.496508
11.32181,11.59683
10.48956,6.476973
10.26149,3.951244
10.66004,6.008813
10.22669,7.640123
9.938609,
9.348359,7.352441
10.67363,8.374476
9.94208,7.608375
10.44673,6.882438
9.90696,7.868254
9.672084,5.700444
10.26711,6.476973
8.91967,5.411646
10.25781,7.064759
10.1333,4.867535
9.665487,4.969813
9.681354,2.833213
10.51598,7.077498
8.480799,3.258096
10.52621,
9.500891,6.981006
10.788,7.266828
10.29913,6.946976
10.64532,
9.98025,9.031333
10.77877,7.097549
9.630073,7.992945
9.723893,
9.47744,4.356709
9.489649,4.356709
9.662587,6.253829
9.728214,6.184149
9.390983,
9.810652,5.273
9.067165,6.659294
9.413419,9.564723
9.489576,6.061457
9.124589,8.733916
9.561768,7.575585
8.992162,4.867535
9.802556,4.644391
9.087411,4.174387
8.820185,
9.1897,3.663562
9.918392,5.541264
9.487491,4.644391
9.171119,5.966147
9.827513,8.086411
9.691255,6.253829
9.90011,7.377134
9.36143,4.356709
8.91885,4.762174
9.360317,7.58883
8.08268,6.476973
8.760574,
9.048758,4.356709
9.630176,8.448272
9.393434,6.790097
9.750049,6.946976
9.277048,
9.092076,3.258096
9.179066,
9.077282,
8.930154,5.204007
8.804793,
8.889016,1.386294
9.239582,5.560682
8.731751,5.273
8.947314,
9.17837,5.609472
9.522663,4.867535
8.756167,
9.106958,
9.031093,5.129899
8.69663,7.873217
9.011844,
8.046893,5.966147
8.942702,
9.329753,
9.048439,4.174387
8.372867,7.256297
8.776383,
8.584439,2.564949
9.333403,3.258096
9.217701,
8.815437,4.454347
8.853081,5.129899
9.062832,5.049856
8.870088,4.174387
9.158125,5.560682
8.890266,
9.361217,6.476973
9.421206,6.349139
9.34072,3.951244
9.910131,
9.813356,
8.777891,6.476973
9.193412,7.138867
9.232516,7.064759
8.317192,
8.574575,6.120297
9.597435,4.867535
9.70321,7.265429
8.576708,
9.12295,6.030685
9.269591,5.455321
9.161327,5.783825
8.860542,7.575585
9.897598,
9.575155,3.258096
8.959453,5.370638
8.726516,
9.787392,2.564949
9.515775,7.056175
9.088087,5.273
8.61147,4.174387
9.031376,6.120297
8.931511,
9.234076,3.663562
9.312874,5.036952
9.343518,7.18007
8.968311,6.371612
9.369482,3.951244
8.944767,5.298317
8.987907,
8.954577,4.867535
9.706415,7.20934
9.832723,7.064759
8.818769,4.867535
9.164328,3.951244
8.648088,5.655992
8.264052,5.966147
8.907898,4.174387
9.878008,9.881038
9.089886,
9.091702,5.398163
9.079133,6.813445
9.338624,5.049856
9.592121,7.689371
8.623387,
9.354281,5.655992
8.92186,
9.275516,5.655992
8.996439,5.966147
8.628621,3.258096
8.830092,
8.746612,3.663562
8.710514,
8.902383,3.258096
8.946658,4.174387
8.589853,3.258096
8.995016,4.682131
8.640707,5.398163
8.282041,5.560682
9.600004,4.174387
8.881306,5.049856
8.87096,2.564949
9.284213,8.342602
8.368803,
8.920891,
8.622029,5.743003
8.942798,4.174387
9.103229,5.273
9.213909,6.436151
9.079556,6.202536
8.703169,
9.108381,5.273
9.188165,
8.635244,5.129899
9.151225,4.356709
9.137669,3.951244
8.555118,6.371612
8.971905,6.253829
9.327731,5.560682
8.867656,4.941642
9.215401,8.178078
9.568852,6.553934
9.271619,4.356709
8.935104,5.57973
8.814845,
9.367591,3.663562
8.867483,3.951244
8.892733,4.174387
8.68443,6.415097
9.074251,4.356709
8.485006,4.510859
8.889214,6.253829
9.04676,5.783825
9.203605,
9.135899,5.560682
8.706468,5.049856
9.399135,
8.560274,3.663562
9.010991,3.663562
8.937767,6.349139
8.84476,
8.667606,6.371612
8.758512,5.049856
9.359099,3.951244
9.033997,
8.850574,4.174387
9.11328,5.560682
9.407766,5.655992
9.248571,
8.647613,3.663562
9.251089,
8.275255,3.258096
8.644642,4.644391
9.491869,6.327937
8.789057,
8.898664,3.951244
9.183764,
8.966241,
8.836386,
9.073694,5.273
8.162446,5.398163
9.196756,5.560682
9.136099,
9.515307,3.663562
8.596045,
8.680902,
9.025069,
8.813435,
8.900301,
9.120405,
8.258467,
9.111972,
9.272204,
8.458178,
8.351007,
8.786421,
9.254584,
8.944016,3.401197
9.091623,
9.272272,
9.042233,
8.720575,
8.013186,
8.956129,
9.145184,
8.907293,
8.883304,
8.247028,
8.733175,
8.904954,
9.139762,
8.382855,
8.413923,
8.933691,
9.243712,
8.565003,
9.401552,4.867535
7.667438,3.258096
9.471019,
10.46983,8.24144
9.390458,5.613128
8.282902,6.813445
9.125093,5.560682
8.956586,6.253829
9.283962,5.099866
9.43246,6.572282
9.104533,6.553934
10.18849,3.78419
9.593354,8.160233
9.408037,7.82764
9.546081,7.319202
9.429757,2.639057
9.596112,2.639057
8.679686,4.60517
8.915559,
8.598798,5.598422
9.450056,6.289716
8.828216,2.564949
9.736285,6.697034
8.835059,
9.184167,
9.276324,6.860664
9.049726,4.867535
8.922674,5.560682
9.455252,4.356709
9.466649,5.568345
9.268073,6.120297
9.270504,
8.703267,4.867535
8.580432,
9.23775,7.228388
9.558227,8.531096
8.801264,7.652546
9.138694,4.644391
8.911922,
8.861587,6.659294
8.210907,5.049856
9.822964,6.476973
8.959741,6.061457
8.899251,
8.897153,
8.170141,
9.057925,4.867535
9.047508,7.380879
9.064909,7.96728
8.581895,5.560682
8.910275,6.253829
8.407732,5.971262
9.29721,5.298317
9.23561,
9.237974,6.971669
9.365307,6.590301
9.083634,6.349139
8.815599,5.976351
9.351124,6.572282
8.501914,5.560682
10.17556,7.552238
9.097398,4.174387
9.216894,10.02606
8.6644,5.966147
8.32054,
8.530401,4.867535
7.686584,7.17012
7.867203,6.120297
9.335025,6.813445
8.963562,5.743003
8.304756,5.398163
8.734638,8.556414
9.03441,5.783825
8.490188,6.030685
8.642827,5.170484
8.745399,6.349139
8.834914,6.895683
7.719206,
8.956379,6.659294
8.980639,5.365976
9.011245,5.966147
8.917057,5.560682
8.147081,5.236442
8.403152,
8.44509,3.258096
8.931629,
9.064046,7.585281
9.027861,
8.995856,
8.597091,
8.690889,7.086738
8.650507,
9.086445,5.560682
8.222974,6.841616
8.936996,5.010635
7.814204,8.556414
8.90386,3.583519
8.808962,6.791222
8.861973,
8.987574,5.214936
9.154017,6.142037
9.772546,8.51459
8.632989,6.813445
9.22745,7.806696
8.996335,6.522093
8.264392,7.274479
8.290563,
8.980421,5.966147
8.795651,6.253829
8.665617,6.692084
9.38246,6.628041
8.997156,5.31812
9.381278,5.934894
8.503366,7.36074
9.151765,3.583519
9.029429,5.799093
9.553895,8.347353
8.591261,5.560682
9.367071,
9.005341,5.010635
9.182038,8.074026
9.268534,
9.083255,5.283204
8.210661,6.659294
8.994792,6.961296
8.710114,
8.681296,2.564949
9.333829,
9.053851,5.966147
9.083745,
8.125371,
8.76907,
8.361703,5.455321
8.617182,6.371612
9.175448,7.247081
9.382387,5.966147
9.476614,6.946976
8.857836,6.148468
8.530631,6.49224
9.316281,6.120297
8.427008,5.998937
8.788774,
8.722608,
9.16273,5.783825
8.418643,6.436151
9.319526,
8.972668,5.273
8.360865,5.273
8.858891,
8.447453,
8.506057,5.129899
9.087626,
8.456114,4.356709
8.887608,7.513709
8.930481,
8.805959,5.783825
8.053012,6.995766
8.275504,
8.649753,5.860786
8.866906,
8.437037,4.867535
9.505519,5.560682
8.70437,6.030685
8.757957,
9.16099,5.783825
8.46362,4.962845
8.632924,6.148468
8.907813,6.608001
7.982812,4.867535
9.224137,6.984716
8.535228,7.718241
9.172645,4.787492
8.553945,
9.627141,7.757906
8.76685,5.273
9.116241,4.867535
8.910359,5.398163
8.589869,5.337538
9.616968,10.6795
8.124848,4.356709
9.178318,4.510859
7.196681,4.174387
9.558241,7.541683
9.270567,5.560682
9.471133,5.560682
8.491609,6.708084
8.485719,
7.969591,
9.344508,6.659294
9.33634,4.174387
8.588545,
8.631313,5.700444
8.642647,5.273
9.444198,7.575585
9.537649,7.432484
9.125621,
9.090958,6.456769
8.850797,4.867535
9.11635,7.774436
9.448689,6.030685
9.242659,6.49224
9.580674,6.09131
9.145025,7.007601
9.349871,6.971669
9.157473,5.57973
9.114027,3.951244
9.558708,5.337538
9.201164,5.998937
10.20564,7.640123
10.0142,6.514713
10.04513,6.302619
9.301676,7.064759
9.619238,5.966147
9.418949,5.966147
9.243299,5.736572
9.636588,
9.838037,4.174387
9.579066,2.564949
9.4171,5.129899
10.22938,6.416732
8.941934,7.757906
9.982673,4.762174
8.926915,5.897154
9.614673,5.860786
9.112325,7.118826
9.125065,6.921658
7.641605,
8.778851,
9.360812,10.06233
9.620195,9.622384
8.376184,3.258096
9.207792,4.644391
7.237442,4.510859
8.974792,5.860786
9.140133,2.564949
8.795214,
9.089601,5.634789
8.189847,4.867535
8.223286,
8.36482,5.669881
8.638783,4.962845
8.855671,6.642487
9.289949,5.966147
8.514363,3.663562
8.792577,4.174387
8.546894,4.174387
8.450658,
8.145399,3.258096
8.698881,6.415097
8.712381,4.174387
8.763553,4.867535
8.724098,6.626718
8.435017,
8.512853,4.510859
8.623697,
8.275536,3.951244
9.723331,7.118826
9.151599,6.371612
8.921901,6.939254
8.939958,4.644391
8.982009,3.663562
9.920575,7.518064
8.911376,5.204007
8.867146,7.20934
9.131708,4.174387
9.250944,6.120297
9.352854,5.398163
9.421736,7.17012
9.277529,7.187657
8.373326,7.912057
8.826613,5.455321
8.434848,3.951244
8.02354,
8.330437,5.966147
9.451427,4.356709
8.752346,5.337538
9.335869,2.564949
8.981372,6.030685
8.859454,3.258096
9.309847,6.946976
9.257719,7.377134
9.640609,6.609349
9.343936,3.258096
9.079738,5.337538
9.114495,7.146772
9.712073,8.163371
9.024956,6.400258
9.171851,
9.555343,3.258096
9.454116,
9.35115,2.70805
9.408143,7.204893
9.684235,7.746733
9.352667,
9.736629,3.496508
9.804418,
9.810859,
8.947445,2.70805
9.96244,6.003887
9.602097,3.401197
8.794479,2.70805
9.809995,4.248495
9.80776,3.688879
9.452683,
9.723998,4.70048
9.065218,5.398163
9.709026,3.806663
9.010905,3.401197
9.062648,
9.854358,3.258096
8.99579,5.560682
8.951433,4.820282
9.096978,2.70805
9.473586,6.421622
9.227406,
9.26075,
10.32464,9.754001
9.960824,8.779557
10.28503,7.522941
9.218015,5.560682
9.543051,7.682482
9.220466,
8.854514,
10.00066,8.245646
9.052278,5.783825
9.429027,
9.572374,6.09131
8.326328,5.609472
10.2163,3.663562
9.191122,7.892826
9.517502,4.043051
10.27854,9.311994
9.526299,6.040255
9.77751,7.34601
9.287081,2.70805
9.496302,9.99675
9.608702,5.966147
9.233871,
9.671754,
8.657354,4.867535
9.938949,
9.450384,
9.127486,7.181592
9.74814,6.507277
8.002218,
8.999236,7.17012
10.43757,3.806663
10.08948,8.269244
9.380479,
9.820474,
9.63914,3.401197
9.306833,7.21891
9.394542,5.971262
9.232259,4.867535
9.423249,3.258096
9.190823,
9.730638,8.184514
8.987437,7.868254
9.444819,4.867535
10.22297,
9.694354,5.783825
9.165051,3.401197
8.87921,6.317165
8.875719,3.951244
9.166449,6.813445
9.536143,3.401197
9.15277,4.962845
9.205011,
9.118515,8.680841
8.940554,7.45472
8.825619,
9.83057,9.592196
9.375071,7.141245
9.316083,
9.653693,6.278522
9.959167,8.474286
8.997725,5.398163
8.864343,5.966147
8.886983,4.867535
9.284414,6.248043
8.788716,7.077498
9.561706,3.401197
8.917751,5.823046
8.903506,
8.882985,4.905275
9.231345,6.922644
9.782346,3.688879
9.521563,6.234411
9.507368,2.079442
9.670121,3.258096
9.154204,3.663562
9.153008,
9.339431,4.867535
9.907495,8.027476
8.919547,4.127134
9.273385,5.783825
9.219142,
9.717505,5.713733
9.154203,5.129899
9.171649,5.560682
9.702607,4.356709
9.236744,
8.855035,5.129899
8.965765,5.111988
8.714009,4.962845
9.87494,7.334329
8.604239,6.393591
9.086418,6.684612
9.173587,6.045005
9.513075,7.363914
9.379241,4.317488
9.550312,9.558176
9.041536,4.356709
9.236228,6.030685
8.717793,4.867535
9.286623,5.075174
9.235066,5.010635
8.557809,7.673223
9.022739,2.564949
9.162401,5.560682
9.854657,4.867535
8.83348,5.560682
8.258239,6.030685
9.225575,
8.400255,6.579251
9.723025,7.470224
9.040194,
9.275778,
8.908856,4.867535
8.82771,6.120297
8.810764,7.265429
9.048751,7.327123
8.68923,5.455321
9.593466,4.174387
9.249115,6.739336
8.776517,5.273
9.163514,
8.784484,4.644391
9.40198,
8.968712,5.78996
8.686145,
8.882425,
9.184082,
8.686049,5.398163
8.150629,6.131227
7.76257,5.560682
8.939919,4.762174
9.599354,6.813445
8.746376,
9.051058,7.138867
8.589442,5.799093
8.619455,
8.992386,5.860786
8.568577,5.273
8.056523,4.510859
8.855756,
8.743816,
9.068991,5.560682
8.590172,5.298317
8.90718,5.337538
9.384961,4.174387
8.449462,3.912023
9.034097,6.025866
9.267828,5.966147
9.223583,9.129781
8.676702,6.882438
9.059624,6.456769
8.90584,5.129899
8.646888,4.867535
9.116314,
9.106322,
8.702869,5.313206
8.996452,5.433722
9.352767,7.36897
8.632053,5.823046
8.426264,4.644391
9.303885,7.518064
9.35807,8.320691
8.624538,5.743003
9.395929,6.371612
9.06464,7.711997
8.606178,7.064759
8.95948,6.278522
9.473823,6.016157
9.426937,3.401197
9.838628,2.995732
9.23415,9.138844
9.813354,2.70805
8.971965,6.302619
9.233597,5.613128
9.119516,5.897154
8.923097,6.854354
9.763807,2.564949
9.08778,6.747587
8.350855,2.70805
9.856557,6.204558
9.337419,6.280396
9.26215,3.401197
9.789545,4.820282
9.74015,7.090077
8.948879,6.84375
9.918892,4.094345
9.034438,4.406719
9.950462,3.663562
8.981498,7.49276
10.6634,4.962845
9.04999,
9.460067,6.152733
10.29826,9.198268
9.24481,2.772589
8.902369,6.590301
9.247463,3.401197
8.938477,4.094345
9.353576,4.025352
8.901005,2.995732
9.303455,7.420579
9.404263,6.946976
8.172274,5.828946
9.646028,2.484907
7.819429,
9.227611,6.669498
9.74063,6.721426
9.341189,7.367077
8.982066,4.867535
9.117092,6.030685
8.961144,7.059618
9.070995,7.060476
8.776353,4.094345
8.752764,
8.27277,4.60517
9.265524,3.178054
7.650148,7.575585
8.540055,6.96979
9.10306,6.516193
9.137579,9.470549
9.320218,4.624973
8.982164,6.659294
9.092885,
8.743253,6.453625
9.451241,2.484907
8.782964,4.174387
9.181396,4.174387
9.233838,2.197225
9.317227,4.189655
9.37029,
9.313935,8.027802
8.337539,
9.568353,3.806663
9.500648,
9.399964,
8.980189,3.178054
8.596562,
8.949034,5.686975
8.499681,
8.912409,
9.032124,3.73767
8.36305,4.356709
9.163485,7.213032
8.459737,
8.596663,5.129899
8.660658,
8.890553,
8.603996,
8.613928,
9.237368,3.73767
8.101386,5.897154
8.78241,8.277412
8.604642,5.273
9.328197,6.959399
8.149214,4.356709
9.134725,4.867535
7.854145,3.555348
8.432799,6.958448
8.635846,3.663562
7.503756,4.867535
8.804088,
8.986553,
9.064748,7.835579
9.177106,6.202536
9.499602,6.768493
9.290459,6.476973
9.598621,7.45472
9.053124,9.157994
8.970794,6.799056
9.065542,5.049856
9.815684,5.743003
9.5543,7.470224
9.493884,5.877736
10.04601,4.158883
9.357055,5.273
9.373563,5.204007
9.163682,6.253829
9.822648,5.966147
8.682757,3.258096
9.211273,5.398163
8.638417,5.075174
9.350351,7.388946
9.017932,
8.997372,7.129298
9.096799,3.663562
8.731726,
8.75605,6.253829
9.148193,7.292337
8.526614,5.783825
9.580914,4.174387
8.897697,5.204007
9.35492,4.867535
9.669719,5.337538
7.537941,
7.74642,7.471932
9.381072,6.253829
8.935583,7.718686
8.651116,1.609438
9.210994,4.867535
9.057366,7.36897
7.260571,
9.638742,2.302585
8.969372,5.273
9.087304,6.030685
9.110075,6.855409
8.204096,8.409608
8.009508,4.691348
9.270757,
9.504729,5.560682
9.859882,7.562161
9.664629,3.663562
8.410184,6.882438
9.588636,3.663562
8.585814,5.560682
7.156046,
8.841481,
8.413097,8.293049
9.082634,7.863267
8.224802,5.860786
9.102469,
9.172761,4.976734
8.704787,5.768321
9.947749,7.086738
9.124334,
9.436274,
7.819293,6.371612
8.365884,
9.881221,8.387996
9.744012,4.174387
8.435699,7.433075
8.557422,
8.209721,5.273
8.431378,
9.434395,5.932245
8.42354,5.398163
9.222323,3.663562
8.994205,4.174387
8.868582,4.343805
9.177891,5.700444
9.73816,8.110126
8.798687,3.637586
8.843058,6.120297
9.454113,4.356709
9.186622,4.174387
10.15492,10.76768
8.967888,
9.104762,6.09131
9.492631,
8.948652,
9.183497,5.257495
9.062021,7.21008
9.902801,6.813445
9.22823,6.887553
8.743981,5.049856
9.029909,7.863267
9.675771,
8.130422,4.867535
8.535789,
8.675803,
8.780805,10.23996
9.415536,6.385194
8.88603,
8.468898,
9.357269,8.329659
9.122803,4.356709
8.91474,4.867535
8.888354,4.644391
9.929708,9.392662
9.967375,4.882802
8.9352,5.783825
8.692255,6.659294
9.309558,5.966147
9.0809,4.867535
9.140453,5.049856
8.548745,
8.680504,5.273
8.467774,4.174387
9.441007,8.978408
9.741349,6.253829
9.461379,3.555348
8.932929,5.129899
8.358167,3.258096
8.18152,5.273
8.905524,
9.432266,4.770685
9.000974,3.258096
9.361393,6.813445
9.243428,
9.064179,6.552508
8.644947,7.309882
8.402446,4.867535
9.157268,6.030685
9.355769,3.951244
9.356738,7.561642
9.088495,4.867535
9.361341,5.966147
9.730819,7.21891
8.054083,5.273
8.938257,
9.309074,
8.968693,7.522941
8.840125,3.583519
9.031944,3.258096
9.005765,5.56452
8.977443,4.762174
9.121433,
8.480168,6.120297
9.433082,8.886685
8.319572,
9.766881,7.007601
9.224898,5.337538
8.996979,5.783825
8.959184,7.042286
9.289034,8.040769
9.065529,7.019297
9.037394,7.409742
8.847472,4.962845
8.993371,7.462789
8.794209,7.250636
8.714991,5.860786
8.701813,3.951244
9.046685,3.258096
9.011557,
9.267184,6.882438
8.655284,5.783825
8.804558,8.719808
9.398568,4.867535
8.421439,5.743003
9.223295,6.253829
7.837784,7.746733
8.547439,7.575585
8.086222,6.335054
7.851558,3.258096
8.764763,5.252274
9.082974,3.951244
8.609809,8.058011
6.892809,5.560682
9.052784,3.258096
8.136251,5.823046
9.165871,4.867535
7.841511,4.356709
9.203036,4.174387
9.237199,5.860786
9.268857,6.951772
8.953633,5.966147
8.788269,5.655992
9.081126,3.663562
8.323596,5.680172
7.439067,6.175867
8.56375,2.564949
9.054106,5.204007
8.511898,
8.8917,5.273
8.561304,6.476973
8.392751,
9.384264,
7.095532,5.273
8.409762,5.509388
8.754967,6.253829
8.40614,8.462315
8.894984,4.174387
9.624498,5.398163
8.819573,4.867535
8.571874,3.258096
8.787863,6.895683
8.879159,5.455321
8.919736,7.13966
8.073901,5.783825
9.075987,
8.364386,4.60517
8.992768,5.049856
8.550975,7.130899
6.543108,5.560682
7.90188,
9.493767,6.23637
9.43986,6.777647
8.333085,4.510859
8.502539,6.625392
8.8496,5.673323
9.08992,7.086738
7.588154,4.744932
9.11362,7.352441
7.423065,4.644391
9.568813,6.148468
9.82557,3.295837
8.674491,6.516193
9.060921,9.459151
8.729867,5.455321
8.822919,5.429346
9.150032,5.627621
9.232028,4.634729
7.02773,4.510859
8.997228,
8.612899,4.356709
8.133424,3.583519
9.106347,5.641907
8.457013,6.659294
8.785906,4.867535
9.300349,5.476463
9.384683,7.224753
8.611227,7.097549
9.413859,7.042286
8.209247,8.12415
9.296453,6.915723
9.659841,
9.123471,7.757906
8.931479,7.138073
9.220054,4.317488
9.709684,8.359135
8.870138,4.356709
9.592115,5.655992
8.599751,7.477604
9.612641,2.564949
9.16955,8.42858
9.546737,7.600903
9.222341,6.709304
8.943683,2.564949
9.735222,5.560682
8.684034,6.120297
8.697949,5.455321
9.704088,7.513709
9.28968,5.638355
9.513764,8.087948
9.151554,4.867535
9.433954,6.393591
9.415001,6.030685
8.387086,6.253829
9.350627,9.431723
9.160229,2.564949
8.934792,3.258096
8.180142,
8.695509,7.863267
9.590307,8.316545
9.092639,5.627621
9.265176,7.951911
9.487813,
9.171591,7.805475
9.331078,6.126869
9.150789,4.762174
9.027351,6.699501
9.020568,3.258096
9.299021,3.258096
9.210216,7.899525
8.007441,3.951244
9.053348,6.253829
8.738729,5.476463
8.938268,7.283448
8.516148,6.535241
8.965136,
9.712603,3.295837
8.914032,5.129899
8.603173,6.572282
8.754964,5.049856
9.086343,
7.902149,5.129899
8.920997,7.118826
9.295492,7.534763
9.484634,7.042286
9.226301,5.932245
9.294362,6.959399
9.467113,5.049856
8.628079,6.320768
9.544285,4.859812
8.792414,6.934397
9.712518,8.251925
9.170346,5.783825
9.182028,5.298317
9.886025,6.917706
9.356549,6.788972
8.164795,7.393263
9.169706,6.253829
8.737058,7.160069
8.682317,6.270988
9.359638,7.954723
9.170053,8.009695
9.598999,7.506592
8.860853,6.84588
9.486848,6.572282
8.920148,6.921658
8.753811,4.510859
9.412252,7.197435
8.709311,4.369448
8.507538,
8.026126,
8.40171,5.129899
8.964758,6.84588
8.137728,6.813445
7.995095,6.476973
9.116159,6.946976
8.923244,8.125631
9.592328,9.685642
8.742459,6.371612
8.400592,5.966147
8.63762,8.442254
8.069429,5.560682
7.511934,5.700444
8.964405,6.608001
9.135823,3.663562
8.948983,6.590301
8.519016,7.958227
9.195679,7.619234
9.678611,8.045588
9.778259,6.408529
9.050673,6.192362
8.986999,6.812345
8.876847,2.564949
9.680171,6.594413
8.812654,5.560682
8.565298,6.476973
9.398413,4.867535
8.867513,8.628735
9.112828,7.309882
8.757983,6.746412
9.5575,5.273
9.134173,4.356709
8.683931,5.783825
9.256876,6.580639
9.541916,
9.096714,5.966147
9.679345,7.133296
8.813576,4.174387
8.731194,6.921658
9.326811,7.912057
9.021425,
8.992352,6.692084
9.048013,6.030685
8.787973,5.204007
9.040741,5.966147
9.396271,6.52503
9.100822,3.258096
9.288495,6.964136
8.606644,4.174387
8.544405,6.496775
9.245899,5.389072
7.938797,
9.442335,
10.15187,5.342334
9.221162,7.228388
9.317886,5.834811
8.765825,
9.831783,4.174387
9.065431,7.045776
8.853146,6.39693
8.408696,7.575585
9.32206,6.995766
9.637678,9.722565
8.939251,4.85203
9.444799,7.557995
8.154135,5.932245
9.01234,4.941642
8.978777,2.995732
9.200345,
8.760361,5.746203
8.967059,6.946976
9.033399,8.431635
9.300181,4.867535
8.453019,5.783825
9.478264,7.085901
9.074333,7.520776
8.73173,
9.367718,6.253829
7.51214,4.867535
8.498465,2.639057
8.254869,3.688879
7.799015,4.867535
8.186732,5.459586
8.982848,5.442418
9.147035,3.433987
9.233941,4.356709
8.948602,4.174387
8.389842,
8.709688,4.174387
7.428473,6.553934
8.897483,
8.382992,6.030685
8.095107,4.867535
8.665206,
9.029067,7.757906
8.559692,5.509388
8.743029,3.951244
9.637545,7.873217
8.460509,
9.206121,5.181784
7.388898,5.204007
7.55722,6.120297
9.103678,
8.190406,8.285261
8.649252,2.639057
8.220662,8.481359
8.48088,4.394449
8.939381,3.688879
8.60373,
8.865347,6.261492
8.36063,7.533159
8.711101,6.476973
8.822419,5.700444
8.067639,5.697093
8.925169,5.739793
8.878618,6.620073
8.410997,3.951244
8.802704,6.708084
7.806688,6.030685
8.404365,5.700444
7.956175,4.867535
8.95483,5.560682
7.448182,3.951244
7.268134,5.823046
8.472883,6.760415
7.958176,5.560682
9.391324,
8.474934,5.560682
8.513998,7.265429
9.17413,4.762174
9.100449,6.061457
8.691655,5.204007
8.683469,7.21891
9.032564,
9.082449,6.597146
8.958293,5.351858
8.498584,3.637586
9.37879,3.135494
9.019767,7.021976
9.093941,4.844187
9.036846,4.718499
8.538452,5.361292
8.876101,6.759255
9.215151,2.995732
9.90931,8.26101
9.38192,8.23483
9.419097,6.697034
8.973862,7.081708
9.833347,5.455321
8.649543,5.966147
8.970043,5.624018
9.24917,5.32301
7.994843,5.783825
9.501791,8.055158
8.589626,6.813445
9.424152,5.010635
9.17092,6.356108
8.00384,6.946976
9.436143,7.097549
8.795708,6.756932
9.351563,7.149132
9.507857,7.476472
9.479473,7.189922
8.446894,5.560682
8.12834,3.663562
8.01622,7.064759
9.078911,5.634789
9.121693,
9.707651,10.40426
8.911891,9.389323
9.127099,4.867535
8.821631,6.995766
9.388398,8.677609
8.911625,7.352441
8.586078,2.890372
8.030412,
8.863419,6.214608
8.490821,7.506592
9.222643,7.352441
8.149718,
8.544546,5.560682
7.327679,
8.577056,4.174387
9.099357,5.056246
7.531068,
9.790252,8.638171
7.41582,4.867535
7.798152,7.042286
8.231083,4.510859
8.081308,4.762174
8.593781,1.94591
8.76298,3.401197
8.603334,
8.217501,5.455321
8.312532,5.560682
6.996982,
8.730296,5.872118
7.326705,6.608001
9.703773,6.818924
8.414298,5.932245
9.142476,7.575585
9.069156,6.304449
8.450623,
7.879129,
9.157573,6.204558
8.366284,
7.889904,7.640123
9.633045,7.608375
9.074504,3.663562
9.325818,8.917981
8.849756,6.799056
9.003721,6.393591
8.712915,8.204125
8.894088,7.17012
8.926596,
9.30868,4.867535
8.173535,
8.564978,8.556414
8.534382,6.841616
8.177644,8.669056
9.523945,6.326149
9.403999,6.882438
9.524337,8.314588
9.637188,6.953684
9.086827,7.601902
9.461582,6.447306
10.06051,5.560682
8.697631,
9.108624,8.278936
8.750667,
7.277743,5.560682
8.692239,7.17012
8.349336,5.560682
9.146819,6.739336
8.823936,5.337538
9.171339,6.813445
9.892051,2.197225
9.10753,6.476973
8.354306,8.840725
8.430017,5.783825
9.639995,8.121778
9.005406,7.881182
10.11757,4.762174
9.880872,6.137727
9.05135,
9.384803,
9.760199,7.597898
9.429685,
9.590863,5.560682
9.863789,
9.369822,5.480639
8.842255,5.560682
9.258327,4.174387
9.25564,5.204007
9.630155,5.560682
9.913658,
9.384547,
9.575666,3.258096
9.918006,5.860786
9.575285,5.17615
9.058287,5.783825
9.517926,5.560682
9.232086,4.174387
9.331533,4.762174
8.861484,
9.479495,4.510859
9.412445,7.266828
9.949192,6.476973
8.368668,
9.259125,5.049856
8.367409,
9.493643,3.828641
9.294948,3.401197
7.716418,5.129899
8.88962,2.70805
9.490911,6.50279
8.322374,3.988984
8.94546,5.214936
9.472783,4.532599
8.705404,5.966147
7.461463,7.17012
8.706271,2.564949
9.271862,6.678342
8.405956,
8.890128,7.695758
8.199057,4.867535
8.443495,5.273
8.966961,4.356709
8.472073,5.049856
7.550357,6.754604
7.581324,5.560682
8.262479,5.966147
9.766397,8.392763
8.889616,6.882438
8.94201,5.509388
8.785983,7.335634
9.379889,5.828946
8.880288,3.663562
8.344933,4.644391
8.732515,6.371612
9.022457,4.962845
9.546614,7.664816
9.025867,6.572282
9.268174,5.966147
10.12774,7.179308
10.0043,5.049856
9.014454,5.966147
9.406465,6.021023
9.711514,3.663562
9.439893,3.663562
9.49527,
8.998853,5.855072
9.363535,8.262043
8.936343,5.398163
9.864434,5.609472
8.583641,
9.267692,6.371612
8.879559,5.655992
9.492188,6.704414
9.190587,4.174387
8.966541,6.161207
9.142405,5.568345
9.026974,6.063785
9.639157,6.318968
8.032058,5.966147
10.15536,3.401197
9.291293,5.70711
8.855314,5.049856
9.456548,2.70805
9.528213,5.872118
10.00218,6.59578
9.45844,4.820282
8.634959,5.298317
8.935031,6.025866
9.171159,4.356709
9.230693,6.754604
8.833072,4.962845
9.179213,5.049856
9.417216,7.138073
9.113822,7.811974
8.240939,5.273
9.305642,5.963579
8.576571,
9.014835,
9.081681,5.560682
9.256548,7.483807
8.526566,7.064759
9.601882,8.451054
9.178458,6.476973
8.654575,6.64379
9.019315,4.867535
9.171436,8.199739
9.816842,5.998937
9.039302,
9.141194,6.908755
8.525557,
9.326358,4.174387
9.064511,6.253829
8.61064,7.688913
9.133186,2.564949
9.294849,5.337538
9.318909,4.143135
8.300456,
8.769836,6.120297
8.572757,6.393591
8.202717,
8.818036,6.922644
8.074352,5.560682
9.056587,7.546974
8.720139,6.315358
9.161293,4.510859
7.919775,2.397895
8.880634,5.609472
8.986644,6.659294
8.775984,8.372168
9.188697,
8.747225,7.620215
9.708938,0
8.89413,7.186901
7.882007,5.31812
7.923761,6.946976
8.432233,6.476973
8.901751,6.456769
9.123443,5.966147
8.689092,2.484907
8.753705,5.560682
9.280527,5.02388
8.513132,5.652489
8.937331,5.273
8.583085,5.966147
7.550595,5.966147
8.539548,5.560682
7.267274,
8.501833,2.484907
8.609721,6.572282
8.793697,6.659294
7.791511,6.813445
8.945223,5.966147
9.232874,6.309918
8.463891,7.13966
9.304871,8.189244
9.250338,6.272877
9.404325,6.401917
8.621476,5.783825
9.135022,7.265429
9.587072,6.625392
9.05981,
8.950191,
9.072812,7.887959
9.168325,5.966147
9.020212,5.966147
9.023396,6.995766
9.498011,2.302585
8.425008,7.409136
9.715027,8.111028
9.35131,8.774931
9.105238,8.453401
8.758265,4.394449
8.860731,2.890372
9.479198,6.100319
8.782043,5.986452
9.162171,3.828641
8.155635,7.125283
8.799664,6.416732
8.834696,5.978886
9.184199,7.595387
9.083161,6.163315
9.454777,7.32251
9.14047,2.302585
8.533258,5.932245
9.452037,8.129765
9.758398,6.603944
8.986313,6.841616
8.098302,4.867535
8.417323,5.049856
8.825889,6.371612
9.634952,5.560682
8.578197,5.560682
9.326299,6.461468
8.618588,5.834811
8.858231,7.432484
9.037515,
8.361123,6.175867
9.087109,5.337538
8.558288,7.309882
8.892692,5.966147
8.827299,5.273
9.151531,7.012115
9.366632,6.476973
8.48069,3.663562
7.99092,5.560682
9.058028,6.476973
9.297798,8.086411
8.209866,3.258096
8.038448,5.783825
8.961237,
9.09319,5.655992
8.439014,5.966147
8.704704,6.659294
9.501974,7.619234
8.915981,6.194406
9.721628,6.270988
8.471457,6.253829
9.049897,6.120297
8.668488,6.572282
9.109961,5.783825
8.498054,7.863267
9.194236,6.659294
9.127203,4.174387
8.651699,
7.557857,5.273
7.030459,4.867535
8.444361,5.560682
8.415388,
8.518985,5.273
8.736391,
8.659348,5.932245
8.845683,8.206857
9.029355,5.932245
9.20652,7.470224
8.774467,7.064759
7.492982,6.946976
9.054274,8.167068
10.07254,6.44572
8.788801,4.174387
8.612316,4.510859
9.018069,7.042286
8.299089,
9.439245,
8.578652,6.393591
8.711116,4.174387
8.07083,5.966147
9.260237,4.867535
9.46009,5.273
8.582948,3.663562
8.75451,6.371612
8.743419,
9.205284,5.966147
8.650164,6.659294
8.721643,4.65396
8.528773,5.560682
9.608474,5.560682
9.191424,4.174387
9.410732,7.539027
9.643484,9.392078
8.966957,
9.587339,8.983315
9.461151,7.352441
9.080256,7.256297
8.984797,8.744966
9.155496,5.241747
9.075846,5.783825
9.285496,8.045588
9.100427,6.302619
9.57722,3.258096
8.721093,6.813445
9.052854,7.393263
8.580118,7.247081
9.93042,8.070281
8.91551,4.867535
9.073049,6.415097
9.002218,6.813445
9.210938,6.030685
9.083121,7.718241
8.591053,4.510859
9.146722,
10.13259,
9.934917,4.406719
9.205708,7.5807
10.61607,3.401197
8.994859,
9.233977,7.272398
9.397525,7.608375
9.446934,
9.493093,2.995732
9.388885,7.425358
8.63788,6.841616
9.444021,6.927558
9.072677,8.992185
10.08898,5.843544
9.210876,2.302585
9.547972,7.031741
8.273065,6.084499
9.47199,7.937375
9.22083,6.135565
8.887035,7.731931
9.995859,2.995732
9.943854,4.49981
9.165112,7.17549
9.100049,
9.118323,5.710427
9.453857,5.991465
8.824292,4.356709
8.701626,6.946976
8.967489,6.599871
8.898842,4.941642
9.071383,2.995732
9.683964,5.69036
9.015617,7.35628
9.215137,7.882315
8.995752,7.575585
9.556601,2.70805
8.87103,7.682943
9.285495,8.251925
9.974158,7.799753
9.576643,8.086411
7.524544,5.966147
9.641263,6.280396
9.903727,4.430817
9.63541,
9.311416,5.910797
9.200508,2.70805
9.72279,4.382027
9.209435,3.663562
9.143186,7.064759
8.739349,6.625392
8.206589,6.371612
9.406802,5.455321
9.319385,6.723833
8.969201,5.129899
9.109676,6.061457
9.069219,4.867535
9.167003,6.535241
9.014816,6.148468
7.963459,4.867535
9.130685,6.49224
8.827294,7.256297
9.757272,8.285261
9.013675,5.273
9.31773,7.435438
8.752814,4.317488
9.008757,5.609472
9.024507,4.510859
9.233413,8.385716
8.401495,3.258096
8.762158,6.148468
8.740674,6.253829
9.582128,6.568078
9.449026,7.309882
9.528799,6.723833
9.134977,7.817223
9.392281,9.060215
9.608288,8.075583
8.80681,4.644391
10.20722,3.663562
8.064489,7.793587
8.300737,8.630522
9.410039,9.092682
9.320687,4.094345
9.12887,6.202536
9.011654,3.663562
10.92389,8.614683
9.004681,5.560682
8.639157,5.743003
9.238644,6.274762
9.273089,8.83681
8.882798,8.698848
9.26148,3.258096
8.994941,5.273
9.724723,7.352441
8.6078,6.575076
8.079763,4.510859
8.566365,4.762174
9.676058,6.253829
8.642997,6.253829
9.344978,3.258096
9.386986,8.113426
8.622991,5.560682
9.873296,8.974618
8.712919,6.863803
9.369955,6.827629
8.917548,4.867535
9.340816,5.590987
8.152857,6.754604
9.033353,5.966147
8.613544,7.17012
9.094236,4.962845
8.925228,3.583519
7.961772,6.415097
8.767947,8.287528
8.888018,6.302619
8.152619,6.476973
8.5396,4.143135
8.366157,5.129899
9.047915,5.823046
8.62248,4.477337
7.36828,7.108244
8.629427,5.049856
8.318363,5.337538
8.583623,7.334982
8.197895,4.962845
9.638378,5.293305
8.359321,6.052089
8.358607,
8.969172,3.951244
8.492197,4.356709
8.259885,6.467699
9.904025,6.642487
8.173208,
8.037438,4.094345
8.392975,5.966147
8.724009,5.267858
8.39852,
7.898926,6.120297
8.583439,5.337538
8.47782,3.258096
8.541445,5.204007
8.862258,4.174387
8.379014,6.43294
9.122056,4.510859
9.116061,5.700444
8.818395,4.644391
7.102486,7.17012
8.951513,6.723833
8.918226,6.692084
8.870023,8.003029
8.163803,4.663439
9.581793,7.533159
8.683874,7.873217
8.498353,3.951244
8.960571,7.790696
8.81391,6.148468
8.429228,4.644391
9.232752,5.455321
9.816473,8.614683
8.334324,5.966147
8.583128,5.560682
9.004827,5.552959
8.650676,5.010635
8.706705,6.234411
9.037267,7.086738
7.84759,4.867535
7.965247,4.174387
9.012884,3.951244
8.909065,6.754604
9.12653,7.882315
8.862942,5.560682
9.278029,4.644391
9.444358,5.783825
8.618839,5.783825
8.651456,5.762052
9.096642,6.739336
9.045839,4.61512
9.335995,5.049856
8.112565,
9.311565,4.174387
9.025499,.6931472
8.773297,6.813445
8.741308,6.393591
9.658596,8.330381
8.748814,4.644391
8.76231,6.253829
9.722052,6.476973
9.43262,4.867535
9.66829,4.867535
9.367947,3.871201
9.146312,5.560682
9.516181,6.253829
9.249869,3.688879
8.708214,6.09131
9.336272,8.621553
9.209085,4.70048
9.249349,
9.126763,6.39693
8.025414,4.174387
9.55876,8.525162
9.069022,5.932245
9.648904,7.188413
9.626857,8.717682
9.267358,5.455321
9.622376,7.477038
8.665059,5.236442
8.805867,5.783825
9.099579,3.258096
9.527777,5.273
10.14649,4.356709
10.00049,8.586346
8.931788,
9.256516,5.123964
9.19703,5.560682
9.620157,6.912743
9.137789,7.31854
8.847329,5.010635
9.282398,7.986845
9.891573,9.560997
9.4046,6.964136
9.427207,6.476973
8.953239,5.389072
8.970039,7.064759
9.332601,
8.909304,5.605802
9.549606,6.851185
9.297704,8.295049
9.229568,5.384495
9.141944,4.70048
9.703992,7.605392
9.436363,6.272877
8.493062,3.663562
8.425091,7.912057
9.778695,10.10908
9.075405,7.727095
8.686908,5.966147
8.606112,5.273
9.000894,9.107421
9.203959,6.946976
9.133573,6.476973
9.365932,6.118097
8.943748,5.783825
8.538867,5.049856
8.845996,5.560682
8.907385,5.966147
9.966027,6.516193
8.459577,5.560682
9.183789,4.867535
8.959253,7.222566
9.227026,5.560682
8.658748,6.946976
8.658391,6.675823
9.368623,
8.591466,5.273
9.263981,8.045588
8.350144,6.324359
9.337609,7.393263
9.683734,9.418248
9.271423,7.740664
8.637091,7.700748
8.593735,4.510859
8.540604,6.813445
8.680069,6.784457
9.49562,5.590987
8.443896,5.700444
9.042877,6.971669
8.347301,7.265429
9.417687,3.951244
8.446815,6.061457
10.02494,5.181784
9.343705,8.926251
8.227691,3.951244
9.236751,5.560682
9.957179,5.983936
9.569425,4.234107
9.656374,
8.864751,2.564949
8.628792,4.867535
9.085773,
9.129692,7.18007
8.208224,6.253829
9.249773,7.17012
8.769806,6.496775
9.379811,6.278522
8.937303,6.253829
9.366706,8.143227
8.792742,5.204007
8.858837,5.509388
9.058336,6.030685
9.160563,7.36897
8.546715,3.663562
9.077758,6.476973
9.017724,6.882438
9.743583,
8.678168,6.659294
9.169909,7.451241
8.985647,6.754604
8.945055,6.675823
9.091662,7.916443
8.672817,5.560682
8.88111,3.951244
8.959358,6.882438
9.342793,7.265429
9.080914,5.57973
9.250459,6.349139
7.357033,6.09131
9.336854,5.723585
9.147361,7.817223
9.412079,6.496775
9.158237,7.290293
8.983196,5.337538
7.371839,5.560682
9.510054,7.390182
9.29656,
7.411404,5.783825
7.634149,
8.65882,6.120297
9.195754,6.49224
9.213855,8.893023
7.773075,7.352441
8.400987,6.458338
9.642152,
9.292171,5.273
7.870226,7.979339
9.597616,7.989561
9.773017,8.805375
9.377568,7.21891
9.735807,8.891512
9.136961,8.803123
9.375287,7.766417
8.6745,5.743003
9.130062,6.659294
8.388379,5.455321
9.057874,7.286192
8.584657,5.560682
9.305236,5.966147
8.979102,6.415097
9.245274,5.560682
8.890366,5.897154
9.097349,7.393263
8.223802,6.946976
9.312818,5.966147
9.145604,4.867535
9.076909,8.569786
9.869352,7.228388
9.083629,6.025866
9.237987,7.592366
7.890896,6.272877
8.128445,4.174387
9.845844,5.398163
8.611857,
8.782891,7.774436
9.194538,5.743003
9.164515,8.087948
7.830103,5.337538
9.20302,6.335054
9.097832,7.555382
9.625573,
8.533845,6.946976
8.967366,8.510169
9.055358,2.564949
8.373313,7.967627
9.253464,5.129899
8.966181,5.273
9.136591,5.099866
9.219481,7.038784
9.190446,6.639876
9.114573,6.253829
8.711438,4.867535
7.860987,4.644391
8.88488,6.539586
8.376081,7.473069
8.851538,8.024535
8.202645,6.476973
8.99329,6.754604
9.840343,8.698848
9.423775,6.813445
9.557753,5.501258
9.181139,7.33106
8.310767,7.393263
10.37837,6.96508
9.792994,5.337538
9.177921,7.237059
9.729052,4.174387
10.42405,3.871201
7.513596,5.783825
10.12656,7.182352
9.355649,6.52503
7.736519,4.174387
8.907199,6.946976
9.540174,6.030685
9.431516,5.049856
8.322493,5.966147
9.230428,5.273
9.439703,6.572282
9.620121,5.855072
9.359735,5.783825
9.248245,4.867535
9.63457,8.426393
9.893839,5.347107
9.366213,
9.587365,3.951244
9.438322,2.890372
8.399767,
9.163687,5.036952
9.923732,3.988984
8.3335,7.408531
9.250781,2.70805
9.574221,6.035481
8.86844,7.640123
9.065668,7.237059
9.461819,5.347107
8.747028,2.639057
8.416139,5.966147
9.251645,3.583519
9.76016,8.253748
8.736396,4.867535
8.364639,6.476973
9.361533,
9.345481,5.049856
9.401993,
9.461303,7.249926
9.438646,2.772589
8.922523,7.272398
8.621855,
8.72548,4.174387
8.660873,4.983607
9.219735,4.75359
9.256076,5.521461
8.876534,
9.238132,5.159055
8.80724,
9.078186,
8.529485,5.966147
10.57133,9.722506
8.556129,5.783825
8.719398,
8.973051,.6931472
8.716752,8.086411
8.825747,6.476973
9.013939,
9.234718,2.995732
9.177323,3.401197
7.219778,5.273
9.137231,8.364042
9.627836,2.302585
9.216778,4.867535
9.240493,4.867535
8.776409,4.941642
8.620024,4.867535
9.480738,
9.180001,2.484907
8.875834,
9.568073,3.637586
9.032874,
8.931773,
9.523179,
8.808262,6.175867
9.356284,6.214608
8.978721,5.075174
8.477581,5.416101
8.788822,7.997999
9.532454,5.981414
8.917759,5.616771
9.198185,4.219508
9.143388,
9.247025,5.416101
8.228813,
9.540926,2.302585
8.979342,5.049856
9.056591,6.436151
9.205602,3.332205
9.571733,6.60665
9.224421,7.863267
9.10446,3.258096
9.375589,6.202536
9.933028,6.263398
8.47541,2.70805
8.25521,
8.941534,
9.062102,5.273
9.217016,5.783825
8.740244,6.476973
9.704238,2.70805
9.095329,4.867535
9.201452,2.70805
9.573742,6.483108
8.706598,8.448057
9.291546,7.52564
8.774879,
9.422578,3.258096
9.516081,5.966147
9.802142,
8.582541,7.811974
8.448531,6.253829
8.578567,
10.24953,5.283204
8.858907,6.659294
8.864298,9.674074
9.423984,
8.535619,
9.29767,5.783825
7.983792,4.867535
8.859304,4.867535
8.834401,6.946976
8.704826,1.609438
9.413067,5.940171
8.244799,4.867535
9.544356,5.843544
9.602509,6.476973
8.955615,5.273
9.621189,3.912023
9.000025,5.783825
9.465233,1.609438
8.428198,
8.522737,
8.611926,
9.728805,6.413459
8.686892,4.787492
9.155057,.6931472
9.429924,6.120297
8.799926,6.476973
9.06451,5.049856
8.042769,
8.986651,6.253829
8.560569,7.608375
8.424162,
9.188785,6.962244
8.181685,
8.696907,6.120297
8.787602,5.560682
9.504581,7.556951
8.367184,5.273
8.171952,
8.384457,6.077642
9.756514,6.393591
7.944335,
8.968172,7.837949
9.368187,7.593878
6.965246,6.813445
10.49884,7.935587
8.978522,6.708084
7.579515,6.253829
9.315436,7.446002
8.986506,7.699842
7.5716,4.174387
9.661088,8.101981
8.845485,5.966147
9.295841,7.971086
9.197362,6.865891
9.56301,7.30317
9.284773,6.126869
9.252517,4.553877
7.274575,4.867535
9.599854,
9.35784,5.998937
9.738339,5.273
9.387253,8.364042
8.908665,7.506592
8.824852,6.326149
9.640941,9.471088
7.624537,
9.574905,8.22791
8.284084,3.951244
8.285196,7.17012
9.60796,6.572282
9.395373,7.575585
9.292328,
9.096517,
9.610108,
9.636164,6.739336
8.868711,
9.307199,
8.490492,
9.36085,6.291569
9.119926,
9.660463,5.78996
8.83235,
9.328666,4.644391
9.185899,
8.605459,
9.577737,
9.272233,6.476973
9.337385,2.70805
9.712288,5.560682
8.848697,
8.806035,5.560682
9.520883,6.659294
9.007032,6.253829
8.806655,
9.203507,5.049856
8.770943,7.007601
9.039633,4.787492
9.002373,5.273
8.840689,
8.059832,
7.162815,
8.400032,
7.652915,
8.023377,
8.161172,
8.079979,
7.982174,
8.2842,
7.691257,
7.703158,
8.342089,
7.842031,
7.772873,
8.253984,
8.925208,4.867535
8.674583,5.966147
8.424322,6.476973
8.688926,
7.875859,
8.24049,
7.378271,
9.489084,5.442418
7.639017,
8.445892,
8.446823,
8.486127,
8.534769,
8.838003,
7.971146,
7.140925,
8.19875,
9.553474,10.38961
9.067599,
8.918481,5.049856
10.094,7.575585
10.44793,4.553877
8.649494,
9.181806,
9.891197,6.543912
9.871908,4.867535
8.741185,4.521789
9.616585,5.783825
9.57672,
9.70423,6.591674
9.470805,
9.699221,6.142037
9.839889,3.806663
9.178872,7.17012
8.129525,5.049856
9.226757,
9.483238,8.603371
9.168295,4.356709
8.845588,5.783825
9.660058,6.118097
8.860044,6.659294
9.479623,7.258412
9.18064,5.934894
9.06959,4.867535
9.245417,
8.414478,5.049856
9.051402,6.572282
8.95083,
9.35672,4.867535
9.861012,9.407222
8.922529,2.70805
9.148802,5.720312
8.580095,6.302619
9.225869,5.828946
8.515536,8.086411
9.716148,6.882438
9.429146,6.813445
9.159231,6.120297
9.972057,5.720312
8.89609,5.429346
8.762665,6.813445
7.332022,5.560682
9.29061,5.141664
9.112349,4.762174
9.287245,6.371612
9.237958,5.273
9.39801,5.560682
9.402987,6.476973
8.99725,
8.506682,8.492286
7.740735,
9.057323,4.174387
8.214694,5.897154
8.900558,6.813445
9.286679,3.258096
9.178342,6.253829
9.012374,5.560682
8.986454,5.398163
9.517155,7.272398
8.991613,6.253829
8.920018,7.688913
9.131898,
9.371181,8.745284
7.865453,5.966147
9.284763,7.757906
9.682806,3.78419
9.450294,5.955837
9.024614,8.268732
9.351256,7.440146
9.118958,6.823286
8.229487,4.867535
9.754806,5.966147
9.369872,6.946976
9.351395,4.356709
9.324161,8.422882
9.581157,
9.626509,5.308268
9.040174,7.118826
8.864653,5.273
9.152081,6.192362
9.279971,5.932245
9.557317,5.743003
9.0191,
9.285942,8.607034
9.361234,7.475906
9.820753,6.36647
9.298062,7.912057
9.527056,5.337538
8.233783,7.534763
9.3476,7.811974
9.946906,10.23063
9.501196,6.659294
8.764628,3.258096
9.339,
9.645316,6.659294
9.016737,7.700748
9.028136,5.860786
9.428966,8.268732
8.805613,
9.483987,3.951244
9.733223,8.994669
9.86503,8.350194
9.303103,
9.237809,6.326149
9.207043,1.791759
9.333138,8.252967
9.228558,6.253829
8.867182,4.762174
9.197433,6.393591
9.147058,6.659294
9.063728,7.097549
10.04605,5.049856
9.480562,
9.765139,7.17012
9.88409,7.534763
9.09398,6.49224
9.542735,7.064759
9.657016,8.18535
9.250622,
9.663791,8.301521
7.803423,
9.441408,
10.04552,3.258096
9.99472,8.961879
9.279006,6.476973
9.753357,
9.379745,8.568836
9.580729,
9.135237,7.688913
8.562908,
7.82249,7.863267
9.625291,
9.367201,7.265429
9.021251,7.757906
8.914701,7.432484
9.067857,6.652863
9.269681,5.609472
9.343801,8.628735
8.868607,6.876265
8.475179,
9.059294,7.36201
9.4856,8.408494
9.405417,6.371612
7.931337,5.455321
9.144532,4.174387
10.23391,9.81493
9.895,6.64379
6.818342,6.813445
8.736183,8.348775
8.36164,3.258096
8.359149,5.111988
8.680392,
8.657204,7.432484
8.293138,7.125283
9.555889,4.867535
8.387951,7.58883
8.521872,6.76273
8.60788,6.902743
8.917157,7.352441
8.623708,6.202536
8.50744,7.007601
9.023601,6.120297
8.563982,7.534763
8.673988,7.49276
9.015473,7.086738
9.500343,6.946976
8.372287,5.129899
8.488565,6.246107
8.745887,7.393263
8.486277,6.253829
9.674628,8.130354
8.916742,6.535241
8.981366,7.18007
8.408749,7.522941
8.809146,7.149917
8.300683,7.162397
9.029131,7.554859
8.647332,7.343426
8.719856,6.82546
9.008229,8.144679
7.954866,5.998937
8.238324,4.174387
8.048676,6.302619
8.65047,4.867535
8.439901,4.867535
9.53777,8.674197
9.888368,7.144407
8.508803,5.966147
9.406483,
8.854717,9.006019
9.547389,5.560682
9.37267,4.430817
9.49266,5.783825
9.93557,7.305188
9.153605,4.521789
9.586159,9.11603
9.749246,3.663562
9.297116,
9.605668,8.795431
9.506695,8.086411
9.733603,6.946976
9.707773,8.130942
9.707911,7.335634
9.243577,8.275376
8.531619,4.356709
9.230982,
9.560002,4.867535
9.811755,7.200425
9.739265,9.249561
8.422337,
9.842107,9.133027
10.23805,
10.24503,
9.4202,
9.157221,3.663562
10.11294,7.352441
7.75917,8.268732
8.494085,6.253829
9.895961,4.962845
10.48922,8.556414
9.182353,5.129899
9.83643,6.371612
10.549,
8.648588,6.349139
8.066139,
8.791835,
9.522927,7.757906
7.636864,5.273
10.07395,4.867535
8.194392,7.352441
8.694058,
9.777767,6.553934
8.496789,7.863267
7.764283,
8.781119,4.174387
8.334017,
9.109119,5.723585
8.458699,
8.227869,
8.891846,
8.733413,5.049856
9.197819,6.572282
9.246075,5.560682
8.323494,4.867535
8.687545,6.476973
8.770164,8.086411
9.51352,4.644391
8.667436,4.644391
8.294822,5.560682
9.504654,8.847216
8.093946,5.560682
9.067009,6.405229
9.174252,5.783825
8.507335,6.659294
8.766729,
9.46206,
9.957065,7.107426
10.31818,7.863267
10.63508,9.437078
9.784546,6.456769
9.875392,6.371612
9.385243,8.75621
9.66954,6.476973
10.47654,7.17012
9.845449,7.309882
9.499872,8.961879
10.07385,7.064759
8.852231,6.841616
8.788191,6.608001
10.09782,7.98105
9.635696,6.476973
9.875378,7.625595
9.628882,5.337538
9.617366,6.813445
10.07837,8.700514
10.23242,7.582229
10.13451,6.120297
9.662922,7.17012
9.755382,7.757906
9.458602,7.41216
9.229219,7.254885
9.405001,7.506592
9.463546,
9.006327,8.045588
9.249653,7.958577
9.593403,7.863267
8.421581,6.484635
8.789405,7.030858
8.705537,7.106606
9.329616,
9.548211,7.756623
9.242695,6.302619
9.554797,7.555905
10.20999,7.042286
9.534568,5.823046
9.514673,5.897154
9.635333,6.302619
9.433372,8.754318
9.704865,8.752582
9.807592,8.494947
9.706065,8.420021
9.793822,8.301521
9.410172,7.620705
9.24971,8.125631
9.179039,6.202536
9.144487,6.120297
9.538855,7.690743
9.632539,9.365719
9.027169,8.348775
9.221313,5.398163
9.327359,6.754604
8.118773,
8.278883,
8.246051,
8.392213,5.560682
8.056536,
7.581646,
8.306604,
8.260012,
8.477522,
8.240417,
8.631927,
8.113897,
9.410947,5.720312
8.36848,
8.577122,5.273
8.517992,4.962845
8.873506,
8.551876,4.59512
9.465607,
8.463307,
7.775425,
8.244115,4.644391
9.724189,5.129899
8.692638,
9.459011,5.337538
7.568039,3.258096
8.420158,5.049856
8.445144,
8.119233,
8.254919,
9.112025,
8.637324,6.946976
8.82621,5.655992
9.947319,3.688879
9.225157,6.827629
8.42775,6.476973
9.469641,7.575585
9.176787,
9.406708,7.309882
9.585663,
9.685052,6.456769
9.145408,4.174387
9.443985,
9.12399,8.682368
8.764269,5.783825
8.982966,6.590301
9.706599,4.867535
9.215717,6.175867
9.814385,
9.252437,5.966147
10.02205,5.978886
8.648233,6.371612
9.230586,7.668561
8.61723,
9.006144,7.352441
9.06821,7.106606
10.00638,7.385231
9.059719,6.971669
9.210309,7.5807
9.796401,6.175867
9.928234,4.317488
10.30689,7.596392
10.87102,8.122668
9.262388,4.174387
7.793342,
9.668053,4.85203
10.13362,7.783224
9.575875,
9.652061,8.224163
9.436975,8.301521
9.799288,8.478453
8.788327,5.966147
9.153131,7.21891
9.372766,3.951244
9.472716,6.496775
8.465103,4.356709
8.978237,7.064759
8.651249,
8.446163,
8.571977,6.253829
8.007738,7.863267
8.722392,6.202536
9.041302,
8.60054,
8.416693,
8.615091,
8.872952,
8.680326,
8.724031,
8.689622,
7.890948,
8.17121,
8.875052,7.714231
8.283525,
8.078176,
8.830661,8.686091
9.046808,8.268732
8.329349,
8.451363,6.476973
9.498793,9.747418
8.951808,9.472705
8.852975,5.560682
8.433289,6.253829
8.966496,
8.751337,4.867535
8.590335,
8.704716,8.045588
8.725807,8.268732
8.400193,7.188413
9.099144,9.261984
8.979617,6.349139
9.07282,
8.899814,
8.953055,7.402452
8.096156,
8.780941,7.224025
8.932507,6.234411
9.880875,8.33327
8.802216,5.966147
9.044015,4.867535
8.480341,8.451054
9.00006,5.783825
9.106434,5.749393
10.84378,4.867535
9.320909,4.356709
9.107354,
9.286048,7.17012
9.741258,6.946976
9.691783,6.476973
7.549634,5.560682
10.57122,
10.36165,
9.465531,5.932245
9.97032,9.948938
9.648537,7.118826
9.657337,5.455321
10.25475,
10.3046,7.393263
9.964629,10.26116
9.300271,6.516193
9.604208,8.011686
9.075298,6.659294
9.765811,8.23483
10.25629,5.049856
10.18931,6.476973
9.944434,8.251925
9.900245,
9.864689,9.544667
9.779055,6.253829
9.852606,5.966147
9.119308,6.768493
8.602097,6.349139
9.319786,
9.161477,4.962845
9.245621,7.17012
9.174895,5.049856
8.819483,4.174387
10.00542,9.087042
9.424402,7.863267
9.200979,6.476973
9.52671,7.470224
9.636964,6.590301
9.206215,5.560682
9.732764,5.966147
8.884211,5.398163
9.068948,5.560682
9.553221,8.469473
7.39241,
8.799856,5.049856
9.25155,6.684612
8.233832,4.867535
9.214409,8.14613
9.394324,5.929589
10.4105,5.966147
9.21313,7.621195
9.878263,6.120297
9.227641,6.253829
9.935166,5.929589
10.1298,9.405496
9.38597,7.118826
9.383316,7.935587
9.712662,8.294049
9.413685,6.001415
8.911005,8.237479
8.347388,
9.584719,6.813445
9.101211,6.253829
7.758616,
9.421714,7.420579
9.432134,8.535033
9.274731,5.049856
8.739992,7.887959
9.543151,8.045588
9.468098,6.971669
9.169238,7.575585
8.69659,6.659294
8.917324,6.253829
9.210152,5.049856
8.976884,8.268732
9.702736,7.506592
8.756939,6.253829
9.072612,5.966147
9.332247,6.030685
9.479658,6.253829
9.255144,4.867535
8.86013,6.302619
9.177,7.265429
9.53797,7.171657
8.28554,6.371612
8.599828,
8.848929,
9.65739,5.273
9.46875,8.491876
9.782528,7.064759
10.28088,7.292337
9.352161,7.729735
8.927456,8.607034
9.617009,7.352441
9.700698,7.265429
8.847518,8.685246
9.571727,7.878155
7.560445,
9.562734,4.867535
9.329762,6.799056
9.141907,
8.801923,7.17012
8.94244,5.560682
9.838478,7.021976
8.873142,8.307953
9.383937,6.892642
8.573491,8.307706
9.724667,
9.35632,8.17892
9.456923,8.048788
9.316345,8.422882
9.299274,5.966147
9.080089,
9.272605,6.120297
7.821266,5.966147
9.536133,6.476973
9.323283,5.560682
9.053107,6.476973
9.057203,6.371612
9.684012,7.863267
10.51281,8.024535
8.867814,6.869014
9.621274,
9.892586,7.989899
9.820017,8.963544
10.1267,4.867535
10.1418,9.735069
9.702613,
10.20086,7.575585
10.17434,9.083643
9.308033,7.506592
9.964643,7.313221
10.11923,8.818778
9.443615,7.309882
10.00687,9.34093
9.909249,6.120297
9.692101,9.472705
10.09553,8.268732
9.586532,8.003029
9.40587,6.659294
9.995367,7.477604
9.414229,6.813445
10.19382,9.076809
10.85424,9.656628
10.33364,8.986072
9.768751,8.039157
10.05516,9.699841
10.18158,8.628735
10.1207,8.011686
9.269368,8.106213
10.01112,8.393895
9.915751,
8.620913,7.258412
9.23597,4.867535
8.817106,2.70805
8.97904,7.180831
8.760586,4.510859
9.553444,6.429719
8.658067,7.845808
8.888621,3.951244
9.300982,6.175867
9.506316,9.1442
9.240492,8.199739
9.677246,6.061457
9.35248,5.273
8.829918,6.476973
9.126226,4.174387
9.087669,6.870053
9.688449,4.867535
8.971964,
8.822395,
9.27562,8.074338
9.632496,3.401197
9.885758,2.995732
9.813882,
10.03165,
9.172242,6.421622
10.21269,7.549609
10.00676,6.476973
9.218807,5.743003
8.985662,5.361292
9.262673,
10.13331,8.00102
9.127886,6.76273
9.182532,5.147494
9.550148,6.476973
9.517955,7.983781
9.750711,7.421776
8.544115,
9.157564,
9.204272,4.094345
9.331068,
9.682752,4.867535
9.769183,8.836374
8.017343,6.476973
9.075066,4.174387
8.697713,4.867535
9.685718,
8.471625,6.476973
8.455438,5.347107
9.681854,4.867535
9.730343,
9.831568,6.739336
9.90102,6.675823
8.980228,
9.020019,5.129899
9.128633,4.276666
9.224194,8.883224
9.375125,6.946976
9.488956,5.147494
9.300003,6.363028
8.021623,4.867535
9.733706,7.627544
9.426118,7.575585
10.28127,9.569273
10.29915,7.575585
10.24167,8.185907
9.89583,7.873217
9.87332,9.274254
9.336625,8.100162
9.18423,8.902455
9.849672,7.84659
9.290653,7.030858
9.211977,6.659294
10.19033,8.68186
9.842343,9.301551
9.556648,5.560682
9.176617,6.476973
10.08937,5.755742
9.416761,10.23746
9.169201,5.337538
8.237956,6.476973
9.078715,7.292337
8.600039,6.659294
9.493965,6.476973
9.193821,7.352441
8.326244,4.867535
8.663474,7.352441
8.609226,6.659294
9.118891,8.085794
9.952961,7.506592
9.072444,4.356709
9.780361,9.530973
9.017096,9.044876
9.655645,7.313221
11.16676,9.695663
9.36747,7.863267
9.11953,7.944847
9.61898,7.912057
9.457867,8.691818
9.543781,8.78783
9.874037,7.580189
9.697312,8.163371
8.853776,
9.973788,5.273
10.28386,7.20934
10.03654,5.560682
10.26442,8.33327
9.342932,8.381831
9.726531,3.663562
8.977266,4.174387
10.34548,7.670895
9.356924,
9.466619,4.867535
9.590896,5.966147
9.58748,8.786762
9.961491,
9.763816,7.36201
9.4106,7.833996
10.82661,9.353575
9.40496,5.998937
9.721712,5.998937
9.847672,8.631058
10.11915,8.687779
10.59124,4.356709
9.593353,6.580639
8.470282,4.644391
9.230277,4.356709
9.572963,7.17012
9.387896,
9.847872,6.732211
9.963627,
9.800756,6.719013
9.580739,3.688879
8.972857,
9.309981,7.908387
9.71498,5.327876
10.18322,6.882438
8.513574,
8.302641,
9.765858,7.260522
9.241547,5.783825
10.23881,7.484369
8.852977,5.129899
9.31746,
8.841533,
9.357544,7.700748
9.584527,8.218248
8.582914,
8.948034,
9.154089,
9.610983,5.521461
9.214157,6.620073
9.278842,
9.567977,5.164786
9.739909,3.258096
10.243,8.086411
10.63188,9.709903
9.422492,6.504288
10.36539,8.520786
9.746396,5.560682
9.529345,7.5632
10.14049,8.181721
10.64214,
9.930466,7.513709
9.871362,7.17012
9.800268,
10.18328,7.093405
9.992422,5.273
10.98499,4.867535
9.875395,7.17012
9.592475,7.06732
9.240155,5.823046
10.47684,8.086411
9.522174,5.480639
10.29693,8.024535
9.759424,5.966147
9.189333,5.337538
8.144808,7.887959
9.921695,8.437067
10.3504,8.982687
9.541624,5.247024
9.508698,5.273
9.849975,7.863267
10.5763,7.352441
10.35312,6.659294
9.884766,7.36897
10.34438,8.515592
9.436592,7.21891
9.49783,5.129899
9.636113,5.560682
8.102759,
9.424116,
9.292381,7.958577
9.9754,
8.102734,4.941642
9.498571,4.867535
9.904112,8.070281
10.34122,6.692084
9.143692,6.55108
9.78432,6.535241
9.790218,6.590301
9.415174,6.476973
9.643155,7.21891
8.245244,
9.485507,3.951244
9.395525,3.258096
10.59314,6.476973
10.02272,7.309882
10.5149,8.15191
9.453122,4.804021
9.631765,5.337538
10.02308,2.890372
9.646198,3.555348
10.1765,7.151485
10.41008,5.560682
9.652861,
8.345305,6.708084
7.420051,5.560682
9.078799,
8.481493,3.401197
9.678268,8.925986
9.976316,8.053569
9.072465,5.783825
9.966792,7.447751
9.617622,6.739336
9.205266,5.135798
7.702431,5.049856
9.714722,8.853665
10.17229,5.736572
9.947467,5.897154
9.421616,6.625392
9.04864,9.274723
10.51292,8.297792
9.061427,4.867535
10.10687,
9.532984,5.560682
10.33278,7.897296
9.566395,7.661057
9.848001,5.655992
9.409841,
9.172385,5.866468
8.891009,7.064759
9.946179,
9.145218,5.273
9.528386,5.398163
9.275437,8.518192
8.821675,7.393263
9.726344,6.96979
9.681311,6.456769
9.957098,7.153834
10.44028,7.119636
10.02485,
10.03789,7.574045
10.33648,
10.25694,5.7301
9.135546,6.356108
9.812313,6.687109
9.564105,4.248495
9.638116,7.17012
8.773122,5.356586
10.4679,6.621406
9.48461,6.309918
9.844244,8.281471
10.6615,7.939159
10.87639,9.448255
9.45033,7.640123
8.681458,4.762174
9.659648,4.990433
9.708634,
9.619561,4.779123
10.09548,4.962845
9.607958,6.030685
9.739463,5.860786
9.512154,
9.728412,7.274479
9.692003,8.479491
9.912095,7.36074
9.391607,
9.699497,8.341649
9.043325,4.356709
9.221818,4.356709
9.64885,5.669881
9.746866,4.007333
10.03511,7.987864
9.078671,4.204693
9.527403,5.455321
9.225388,5.703783
9.599068,
9.704335,6.214608
9.649014,
8.935032,7.394493
9.891345,
10.03777,7.539027
9.660372,4.356709
9.002258,6.20859
8.951168,6.599871
9.32158,8.254529
9.401711,6.278522
8.991107,6.966024
9.984062,3.555348
9.53616,6.769642
10.69545,10.66779
9.457102,6.754604
8.842099,7.595387
9.790807,5.886104
9.06433,7.129298
9.110638,6.350886
8.212549,6.371612
9.800305,6.678342
9.705786,4.718499
8.650235,6.496775
8.785897,
9.5762,6.910751
9.213778,6.253829
8.926546,7.249926
9.197191,5.743003
9.907487,6.904751
9.541389,7.444249
9.784878,6.098074
9.849014,7.088409
9.212149,6.035481
8.756587,7.042286
9.496083,6.413459
9.264787,6.214608
9.639816,8.231376
10.53675,8.987197
8.765695,5.509388
8.755101,7.707063
8.461991,6.345636
8.915586,7.393263
10.02443,6.39693
9.636614,7.072422
8.911612,8.670773
9.813947,
9.554254,5.641907
9.616804,4.007333
9.311608,6.516193
8.99965,
9.784551,
9.736821,5.278115
9.359097,
9.050724,5.560682
9.746185,
8.42687,6.436151
8.912546,6.813445
8.813449,
9.36597,5.379897
9.246226,5.609472
9.155546,5.273
9.454522,5.509388
9.93257,
9.611387,8.178078
8.88625,6.771935
9.83255,6.659294
9.599934,7.779885
9.835717,10.44068
9.576241,6.175867
9.37105,7.477604
9.290598,5.47227
9.808686,7.822044
8.904387,6.177944
9.586523,6.841616
12.03334,9.003808
10.02197,8.915969
10.04997,5.105946
8.600437,7.309882
9.161683,
9.084138,7.497762
9.1585,6.784457
9.273251,8.070281
8.130559,
9.722404,7.621195
9.632876,7.297768
9.615424,8.33327
8.816907,7.912057
10.18643,3.951244
9.56543,7.774436
10.18668,8.79936
9.609496,6.739336
8.801447,
10.26676,7.31854
9.363527,7.21891
9.015417,8.478453
9.811679,6.921658
8.554034,
8.489106,6.476973
9.381115,7.17012
8.98667,
9.076086,6.813445
9.783731,7.17012
10.60092,7.520776
9.499485,
9.352724,
8.829212,5.655992
8.981662,
9.173151,2.772589
9.207236,6.756932
9.300414,6.371612
10.6545,9.219102
9.723593,8.750208
9.953327,7.086738
9.270267,7.17012
10.16325,7.237778
9.318791,6.827629
10.71571,7.624619
8.25862,7.17012
9.642165,7.988543
8.103633,6.253829
9.624141,7.432484
9.220919,7.72312
9.016809,
9.519132,5.273
9.072525,7.199678
9.14269,
10.18242,8.066208
9.787126,5.560682
10.97191,7.662938
10.03051,4.867535
9.007189,3.401197
9.282684,7.499424
9.394992,
9.789586,
10.17236,5.010635
9.67393,7.520776
9.498965,
10.01144,6.930495
9.724996,8.445482
10.43174,6.120297
9.457619,6.536692
9.738034,6.086775
9.909483,6.253829
9.462352,
9.875169,6.011267
9.967484,5.298317
10.52565,8.729074
8.955814,6.84588
9.016135,4.356709
10.03324,7.670895
10.05417,8.121778
9.434929,5.384495
10.06886,5.273
8.842478,7.366445
9.736928,5.455321
10.16771,
9.587653,6.887553
9.819877,8.323608
9.980808,6.590301
9.55223,7.745003
10.62337,5.480639
9.111541,5.849325
9.036956,6.253829
9.148802,7.019297
9.150436,6.862758
10.02702,6.593045
9.276958,7.575585
10.19192,6.895683
8.22564,
9.180078,7.954021
9.045116,5.560682
9.368729,
10.84391,8.582232
9.205631,7.83992
11.56095,4.867535
9.710783,7.090077
9.034233,5.361292
10.44682,7.575585
10.42733,8.203304
9.103952,4.867535
9.489285,5.049856
9.173385,5.509388
10.14509,5.783825
9.779506,8.053887
9.919585,3.871201
9.398312,6.120297
9.313087,6.322565
10.14314,7.129298
10.03887,8.405144
10.1098,7.268223
9.472895,6.625392
8.304775,5.886104
8.979948,
8.385796,7.352441
10.64673,5.783825
10.32912,7.118826
10.51927,8.654692
10.27824,7.309882
9.61878,7.042286
9.408157,6.535241
9.608295,
9.369908,7.781973
9.898595,6.869014
9.073503,7.339538
9.779065,8.696176
10.1549,6.476973
9.600918,
9.909333,7.385231
10.12984,9.035392
10.50755,6.572282
8.932687,6.659294
10.58787,6.608001
10.23077,7.309882
9.798446,7.283448
9.024634,
8.985605,7.265429
10.59416,7.426549
10.03284,10.57106
8.942639,5.560682
9.697764,6.148468
8.695147,6.349139
10.14505,7.892826
9.644653,4.356709
9.648617,5.273
9.454575,8.195058
10.13195,3.663562
8.077405,6.120297
9.50225,8.082402
10.22466,7.912057
8.945584,7.309882
10.09712,9.04523
9.460041,8.70616
9.473686,8.593228
10.4834,8.826147
9.457674,
8.47279,4.174387
9.027548,7.388328
10.64036,8.994669
9.000507,7.548556
9.960119,9.639522
9.865252,6.496775
10.19207,4.60517
9.814304,4.356709
9.943326,
8.550564,
8.836606,7.019297
8.15937,8.086411
9.154177,6.393591
9.870896,6.642487
8.418359,7.757906
10.27367,6.253829
10.50195,6.766191
9.655034,8.112528
8.333352,4.867535
8.424565,5.783825
10.01296,6.921658
8.921684,7.292337
9.713336,7.548556
8.977871,7.21891
10.16336,8.486527
10.38494,7.506592
9.66019,9.135617
9.237862,7.863267
9.118783,7.991592
8.761765,
8.721339,
9.218239,6.659294
9.198021,7.341484
7.88716,4.356709
9.466722,6.813445
10.36665,6.09131
8.381009,9.009081
9.648809,7.946264
10.18721,6.946976
9.565057,7.030858
9.899113,9.041922
9.86421,8.137103
9.03515,7.118826
9.878296,6.476973
9.988282,9.472705
9.989226,7.989899
9.277387,6.813445
9.671227,8.268732
8.919721,6.120297
10.22197,8.058328
8.993013,5.273
9.511228,5.966147
9.509779,8.512984
9.238235,6.799056
8.878155,6.253829
9.153513,6.476973
9.325983,5.783825
9.846975,7.192934
8.886105,6.675823
9.8254,5.932245
10.21792,7.21891
8.996476,6.769642
8.861251,7.17012
9.896517,6.496775
10.21545,9.980449
9.301828,5.783825
8.894421,7.902487
8.502031,7.541683
8.543585,5.783825
10.4847,9.261984
9.987809,5.273
10.40344,7.499424
10.07784,
10.74181,6.946976
10.82367,7.520776
9.121154,5.204007
11.17471,
10.28059,7.352441
8.637148,
9.80447,7.676937
11.01396,7.712444
9.632033,7.007601
10.49565,6.37332
9.669162,7.724447
9.18933,
9.364841,
9.191377,6.516193
9.070933,6.302619
8.599192,5.509388
8.761132,
9.373648,
9.327446,7.520776
9.29228,
8.815745,5.783825
8.72118,6.302619
8.898172,7.064759
7.915652,4.762174
9.247472,6.593045
9.709126,7.435438
8.965211,
8.395943,6.371612
9.149354,
8.308529,
8.803909,4.867535
9.393519,6.774224
8.805935,6.771935
9.233656,
7.586134,4.867535
9.130158,6.413459
9.35467,
9.071825,3.555348
8.780573,5.966147
9.132694,
9.613369,
8.646594,6.946976
8.426168,6.754604
9.25219,8.320691
9.945983,
8.796441,6.516193
9.248721,
9.771646,5.963579
8.854833,5.003946
9.473535,7.640123
9.261713,6.061457
9.081012,
9.445486,6.505784
9.302732,4.248495
9.031443,
9.190448,
8.788907,
9.73217,5.105946
9.33099,5.283204
9.453678,3.806663
9.735204,
8.875428,4.867535
8.830632,6.813445
8.952604,6.628041
9.22345,5.105946
9.324899,6.771935
9.325243,4.867535
9.927242,5.966147
10.05394,
9.51726,9.401457
9.753422,
9.78298,7.963808
9.474639,7.782807
9.512662,5.075174
8.761191,8.988196
9.264739,9.529884
9.145268,
9.720395,6.030685
9.937546,6.625392
9.597159,8.717682
8.407588,4.61512
9.770173,
8.493759,
9.507402,
9.297164,6.028278
9.228567,8.674197
9.446482,
9.413827,3.583519
9.12012,6.202536
8.758194,4.962845
9.227795,3.401197
9.938935,11.25039
9.015377,6.622736
9.396934,8.592486
8.531549,5.337538
9.23272,5.484797
10.03273,6.725034
9.264821,4.867535
9.149351,6.493754
10.04021,5.783825
9.369866,4.025352
9.169871,4.867535
10.4017,6.77308
9.023997,7.688913
9.093133,3.583519
8.883229,4.356709
9.621753,6.708084
8.563648,6.946976
9.164303,5.273
9.272796,7.160069
9.150381,
8.671453,
9.285112,6.529419
8.911117,7.003066
8.894011,6.961296
8.867288,6.282267
9.590884,7.36201
9.172422,
9.4897,5.966147
8.903259,7.393263
9.75025,3.806663
9.231956,
8.815678,4.532599
8.668752,6.624065
9.682058,6.418365
9.168577,5.765191
9.18157,7.303843
9.040287,4.867535
9.118018,
7.947424,
9.207253,6.272877
9.231873,6.522093
9.049271,
9.313644,
8.844394,
9.488065,6.559615
9.007409,6.535241
8.913236,
9.136697,
9.792203,3.688879
9.518544,8.691483
9.670846,6.476973
9.924586,7.487174
9.245799,7.13966
9.081414,8.018296
9.880147,8.067463
9.381359,5.497168
9.367467,8.210668
9.262253,7.030858
9.330634,5.298317
9.156901,6.614726
9.192823,7.757906
9.109692,7.280008
10.10213,7.358831
8.888944,7.837949
8.480422,5.129899
8.869143,6.331502
9.470605,5.966147
8.940005,3.496508
9.259887,4.510859
8.289533,6.061457
8.586941,6.148468
9.992351,4.762174
9.428842,7.806696
9.344861,9.026418
9.724697,7.309882
8.682513,6.371612
9.406825,5.823046
8.490094,5.273
10.25781,
8.932981,5.609472
9.450974,5.966147
9.042208,6.946976
9.145267,7.640123
9.874008,7.21891
8.528193,6.995766
9.366917,6.253829
9.795012,7.274479
9.221449,7.944847
10.08322,8.393895
10.44922,8.33327
9.465497,8.18535
9.740299,9.021719
9.200922,7.817223
8.777391,6.371612
8.779605,6.253829
9.493011,6.09131
8.933357,7.309882
10.20835,11.12232
9.685746,5.966147
9.506958,7.480428
9.667082,7.506592
9.048865,7.746733
10.12894,4.356709
9.56403,7.868254
9.961861,
9.551353,6.426488
9.231964,8.93827
9.034819,6.436151
9.011231,6.436151
9.12355,6.739336
9.625489,6.659294
8.755569,4.867535
8.187757,5.347107
9.859169,7.59287
8.328361,4.60517
8.507764,6.063785
9.888582,6.745236
9.542479,5.370638
9.532887,7.689371
9.623064,8.136811
9.272348,7.933797
9.555222,8.411166
8.585746,8.273847
8.986053,7.119636
8.752864,
8.798101,4.094345
9.659463,6.109248
9.16144,6.490724
9.825163,8.322394
10.13433,6.677083
8.889777,
10.12883,7.313221
8.958496,
10.01319,
9.813117,7.575585
9.146647,4.644391
9.947587,7.293018
9.125479,7.309882
9.808456,7.185387
8.424037,6.635947
9.201919,7.649693
9.651913,7.316548
9.890297,8.488793
9.810223,7.210818
9.395931,6.659294
9.566241,4.644391
9.552346,8.927978
8.962673,7.562161
8.757664,6.476973
9.332531,5.966147
8.560968,7.640123
8.731056,8.581106
9.357194,4.962845
9.497035,5.560682
9.479055,6.405229
9.158781,6.476973
9.7329,9.010669
8.448323,5.560682
8.362881,6.278522
8.91222,9.508221
8.798424,
10.12782,9.087833
7.78302,5.560682
9.323156,4.510859
9.347026,8.61432
9.607765,6.516193
8.718436,6.897705
9.452916,7.23201
9.282154,7.892826
9.549124,
8.386536,5.560682
9.102797,6.977282
9.642872,9.87627
8.463569,5.398163
9.004158,7.401231
8.252566,5.273
8.457282,5.966147
9.022084,5.609472
9.56534,7.283448
9.017202,5.273
8.914451,4.867535
9.460704,7.265429
9.231909,5.049856
9.364479,6.175867
9.196963,7.484931
8.920136,6.120297
8.466977,6.572282
10.10256,8.160519
9.352448,3.258096
9.73358,
8.512223,4.867535
9.304202,4.174387
9.467374,4.510859
8.656092,7.600903
8.789922,7.115582
9.154808,5.370638
9.014479,5.897154
8.665059,6.371612
10.81661,7.863267
9.022384,6.148468
9.197208,7.706613
9.639875,6.946976
9.268391,6.840547
9.760415,6.120297
9.147637,4.174387
9.773129,7.706613
9.508929,7.555382
9.477303,5.783825
9.854896,5.966147
8.67625,6.371612
9.432446,3.951244
8.578249,3.951244
8.967501,5.932245
9.418442,5.337538
9.495328,5.966147
8.896078,6.175867
9.630252,8.259975
9.382902,6.971669
9.128391,6.371612
9.124383,
9.713696,8.125631
9.559483,5.337538
8.947316,6.030685
8.993776,
9.819736,5.966147
9.593491,
9.233822,6.895683
9.228292,
9.222012,7.544332
9.051656,
9.191624,6.415097
9.950909,8.602453
9.75173,9.118115
9.076696,
9.143926,
8.918524,6.507277
9.713311,4.962845
10.21102,6.608001
9.400167,7.785305
9.739056,7.974189
9.360236,9.296518
8.109722,
9.101528,7.082549
8.57067,5.337538
8.676453,5.991465
9.003774,4.356709
9.604939,7.642524
9.497855,
9.751416,
9.012778,
9.777343,7.470224
8.82287,7.064759
9.023418,7.408531
8.471358,
9.240195,7.402452
9.029871,6.253829
9.780304,5.966147
8.886049,5.337538
8.959289,
7.686438,
9.295323,
8.920691,
9.14568,
9.073451,
9.666333,6.380123
9.100049,8.874867
9.305533,7.118826
9.098506,
9.421849,7.17012
9.421342,9.87817
9.850896,
9.87794,
9.720724,
9.277916,
8.888628,
8.974488,5.273
9.605021,
9.391084,
9.010996,
9.151199,
9.903229,8.389359
8.990718,4.867535
8.918489,5.049856
8.991901,
9.550394,8.702843
9.673668,
9.547136,
9.255503,6.120297
9.172511,
9.957816,10.78291
9.375134,5.966147
9.313494,5.049856
9.881741,
9.282957,5.783825
9.758177,6.519147
9.972925,9.525151
9.215177,8.144679
9.838329,8.517193
9.776542,
9.420955,8.109225
10.149,8.006368
9.284691,8.268732
9.542955,7.113142
9.637532,8.163371
9.02951,6.371612
9.042791,4.521789
8.571819,5.783825
9.688071,6.39693
10.33385,7.21891
8.962613,7.17012
9.39967,6.259582
9.124715,7.21891
9.274378,8.699514
8.596395,4.174387
8.180374,4.867535
9.230975,5.966147
9.812384,
9.263828,5.398163
9.514022,
9.375396,6.883462
10.30681,7.272398
9.864369,2.995732
8.376911,
10.07749,2.995732
9.98222,5.717028
9.299564,5.393628
10.15057,2.302585
9.934275,6.947937
9.677019,
9.943492,2.302585
9.379123,6.49224
9.82305,7.221105
9.909042,6.388561
9.541773,
9.849871,4.510859
9.73546,5.214936
8.490002,8.393895
9.283791,
9.842381,7.448334
8.868237,7.145196
9.470953,8.678291
9.454627,
8.964718,6.799056
8.974318,7.729735
9.513752,2.079442
9.028858,8.472614
9.454348,3.951244
9.520747,2.564949
9.298053,7.973845
8.531311,
9.538179,6.516193
9.096256,7.265429
7.8472,
8.996592,5.09375
9.897499,6.165418
9.645364,7.583756
9.309018,3.258096
10.0633,10.50315
9.605544,2.079442
9.829894,7.904704
8.918595,5.356586
8.98454,6.309918
8.847278,6.754604
9.396491,
9.223135,3.465736
9.351897,8.780787
9.328838,3.688879
9.497359,5.966147
9.781519,5.273
8.8662,6.120297
9.676084,
9.360572,
9.482654,10.50232
8.802551,4.867535
9.608387,
9.453127,6.64639
9.510168,7.405496
8.62924,5.273
9.166187,6.309918
9.672016,4.430817
9.592167,
9.366142,
8.743916,7.17012
8.854925,
9.254558,6.349139
9.380809,8.874867
8.744082,
9.71293,
9.763674,6.030685
9.730856,8.160519
8.653606,6.476973
10.09142,7.958577
9.221646,
9.391689,7.600903
9.539218,
9.441003,
9.797696,
9.104598,
9.567097,6.769642
9.235624,
8.596068,5.560682
9.667913,8.268732
7.673337,
9.045738,9.345745
9.105551,
8.898494,4.356709
8.87572,6.253829
8.879296,
8.866489,7.863267
8.901213,7.21891
8.532841,
8.584011,
8.975781,5.966147
9.105387,7.222566
9.602945,4.60517
9.358906,
7.440009,
8.960696,
8.844646,6.802395
9.038778,7.17012
8.988346,
8.974086,5.823046
8.883082,
8.785945,5.966147
8.2347,4.836282
8.099622,
9.371392,6.813445
8.914376,4.867535
10.06859,8.961879
9.328981,
8.418413,
9.421434,
9.785688,7.912057
10.11539,5.049856
9.663918,5.783825
9.975954,7.053586
9.09991,6.302619
9.869401,5.823046
9.893909,5.743003
10.27699,6.371612
9.498268,4.762174
9.793712,7.100027
9.720874,5.609472
9.658402,8.304742
9.292564,4.867535
10.40183,
9.106946,7.335634
9.804113,4.356709
9.544892,5.337538
9.414968,6.371612
9.346339,5.398163
9.67133,5.560682
9.837419,8.425735
9.474945,6.476973
9.566329,6.37332
8.776857,7.470224
9.412347,
9.48736,5.966147
9.582689,7.635304
10.31003,9.661098
9.368592,6.371612
9.832929,
9.37539,7.064759
9.750891,8.79936
9.531348,7.077498
8.774155,7.21891
9.929994,7.757906
9.486826,8.81433
9.749493,7.49276
10.06881,8.851521
8.68257,4.762174
9.064269,8.364042
8.947635,
8.991114,8.420021
10.0291,8.163371
9.740312,7.435438
9.709281,4.644391
9.882353,4.867535
9.75288,6.415097
8.051509,5.743003
9.582323,8.02027
9.685699,5.049856
9.06006,8.937875
10.19982,6.516193
8.866177,4.867535
9.737058,7.007601
8.9324,8.556414
9.315326,7.640123
9.714049,6.535241
8.92721,7.064759
8.86311,4.174387
9.117167,5.783825
9.330583,5.049856
9.668673,5.966147
9.728017,7.789868
9.591715,6.946976
9.22546,7.432484
9.831707,5.273
9.878227,5.273
8.968073,6.995766
9.207373,4.962845
9.502753,7.575585
8.976442,4.762174
9.249697,6.496775
9.28351,5.78996
9.37474,8.066208
8.839441,5.049856
9.457621,6.476973
8.34212,5.783825
9.570483,8.028781
9.379661,
9.103062,6.955593
9.402978,4.762174
9.378586,6.327937
9.848717,5.129899
8.900234,7.042286
9.151295,5.049856
9.337695,6.895683
9.209882,6.739336
9.472645,6.799056
9.094355,4.356709
9.492119,6.642487
8.915804,6.98379
9.381043,6.98379
9.533608,5.204007
9.123547,6.642487
8.408401,6.09131
9.140588,6.65544
9.210378,7.417581
9.566916,8.38206
8.663188,7.575585
8.785251,7.313221
8.968222,8.90883
9.222795,7.700748
9.537544,7.336286
8.68285,6.371612
8.628554,5.897154
9.25606,5.049856
8.953982,8.451054
9.062613,5.823046
8.304367,4.744932
9.099994,6.928538
8.318683,5.966147
9.014265,8.351847
8.923428,6.813445
8.96168,9.161675
8.383741,8.086411
8.619926,
9.585586,7.256297
8.750805,5.273
8.562485,5.966147
9.585046,9.45407
9.056504,6.202536
9.304991,
8.994488,6.39693
8.260193,4.867535
8.576991,5.204007
8.960445,7.424762
9.226088,
9.074208,6.086775
9.917919,7.806696
9.412611,6.326149
9.423621,
8.848396,6.856462
9.174357,6.131227
8.993774,8.137103
9.382413,6.590301
9.32445,3.663562
10.18316,6.739336
9.111628,6.995766
8.820583,5.129899
9.297976,5.455321
8.749824,5.560682
9.477625,5.783825
9.426872,7.283448
9.078144,6.349139
10.40645,10.0972
9.696875,8.594154
9.205958,6.371612
9.916506,8.548692
8.530807,8.23483
9.496503,7.118826
9.360756,7.670895
8.844938,8.674197
8.263481,6.09131
9.37834,7.277938
9.021559,7.432484
9.694251,8.243282
9.007654,6.995766
9.284154,6.415097
9.928959,7.138073
9.016565,7.17012
9.375462,7.499424
9.650321,6.626718
9.495349,8.364042
9.282416,5.666427
9.46152,7.541683
8.813764,5.521461
9.654078,6.253829
9.37157,
9.292059,7.034388
8.906745,
8.665498,6.806829
9.05186,7.452982
8.6823,6.456769
8.971842,
9.860483,4.867535
9.510851,8.77555
8.236326,7.700748
9.348943,5.384495
9.381872,7.130098
8.66335,
10.19351,7.094235
9.700438,6.813445
9.403097,6.813445
9.108479,4.867535
9.351346,6.708084
8.862307,9.108308
9.068274,7.034388
9.082579,8.456594
9.340974,4.510859
9.206257,5.398163
9.535611,8.206857
9.84063,6.456769
9.084487,7.713785
9.023062,6.888573
9.684894,7.736743
8.09029,6.995766
9.295844,8.947286
9.671551,7.564239
9.443336,7.884953
8.450383,7.13966
9.578031,4.962845
9.049312,8.721929
9.296247,4.644391
9.794669,7.742836
9.257562,8.504107
9.168037,4.912655
9.210306,7.837949
9.659475,6.995766
9.872422,5.598422
8.717691,
9.859111,6.470799
9.169172,
9.174402,5.463832
9.124949,7.237778
9.728673,4.962845
9.620673,9.475393
9.850251,8.048788
9.289683,6.813445
9.875339,5.783825
8.35029,4.356709
8.621679,6.896694
8.667485,5.455321
9.825096,7.912057
10.3863,8.78263
9.452419,6.415097
9.709559,6.496775
9.8823,5.843544
9.55701,
10.02898,7.863267
9.460166,
8.687589,6.476973
9.721113,6.030685
9.658193,7.177783
9.346509,4.644391
9.979997,8.199739
9.83576,5.783825
8.631504,5.83773
9.287806,6.161207
9.125932,8.199739
9.27636,6.371612
9.23501,5.966147
9.021047,6.827629
9.055872,4.867535
9.666324,4.867535
9.369172,4.867535
9.408046,7.509335
9.277402,6.841616
9.393098,
9.502686,6.253829
9.611537,5.560682
8.995938,5.049856
9.537075,8.216899
8.034114,
8.993301,
9.412294,6.946976
9.218842,6.659294
9.871978,6.966024
8.401859,5.966147
9.538588,5.455321
9.573721,5.966147
9.066387,5.966147
9.41836,6.244167
9.471627,3.663562
9.34167,7.17012
9.397998,7.575585
9.918978,6.436151
8.536927,
9.614197,
9.451332,
9.335075,6.882438
9.904713,5.966147
9.87668,8.086411
9.841422,7.36518
9.446703,
9.391761,7.21891
9.913889,
9.207263,5.783825
9.043043,5.455321
9.744874,6.535241
9.138014,6.476973
9.001936,7.970049
9.429142,
8.930787,4.510859
9.090837,3.663562
9.440945,6.175867
9.43929,4.867535
9.867728,5.823046
9.2387,4.867535
9.486521,6.175867
9.754641,8.648221
9.443582,6.496775
9.651732,7.555382
9.359822,6.253829
9.814259,8.38206
9.751122,8.268732
9.721779,7.352441
9.954069,7.286192
9.880157,7.462789
9.106378,6.371612
9.888256,
10.16517,
9.933812,8.408494
9.13915,9.2399
9.14195,5.932245
8.043905,6.946976
9.487979,6.09131
9.408725,5.560682
9.120306,6.484635
8.997892,6.484635
9.405936,7.015712
9.605166,6.971669
9.321446,8.066208
9.097002,7.432484
9.995432,8.867709
8.816945,7.328437
9.273211,8.144679
9.54055,6.061457
9.19082,
